SOC,Occupation,Probability,Alabama,Alaska,Arizona,Arkansas,California,Colorado,Connecticut,Delaware,District of Columbia,Florida,Georgia,Hawaii,Idaho,Illinois,Indiana,Iowa,Kansas,Kentucky,Louisiana,Maine,Maryland,Massachusetts,Michigan,Minnesota,Mississippi,Missouri,Montana,Nebraska,Nevada,New Hampshire,New Jersey,New Mexico,New York,North Carolina,North Dakota,Ohio,Oklahoma,Oregon,Pennsylvania,Rhode Island,South Carolina,South Dakota,Tennessee,Texas,Utah,Vermont,Virginia,Washington,West Virginia,Wisconsin,Wyoming
11-3011,Administrative Services Managers,0.73,640,530,6870,1850,40720,2280,4110,820,1770,10710,9040,1480,1400,14450,3450,2240,2560,2580,2980,1580,5060,13040,6110,6930,3040,5350,320,1890,1450,860,8510,1690,18480,4630,660,9620,4630,3550,6860,670,3110,340,7550,20440,2120,410,4120,4890,1590,6070,220
11-3111,Compensation and Benefits Managers,0.96,90,0,300,150,1590,190,250,40,120,600,480,30,90,1000,260,150,120,140,180,50,450,800,340,540,80,260,0,180,60,60,380,40,1490,450,0,560,230,150,540,70,150,0,500,690,170,0,360,380,0,340,0
11-9131,Postmasters and Mail Superintendents,0.75,280,170,160,210,800,230,170,40,0,360,370,60,150,550,310,340,220,280,260,210,240,340,450,350,190,320,180,180,70,170,430,160,880,520,120,510,270,240,820,40,210,130,280,840,120,130,410,310,230,360,90
11-9141,Property; Real Estate; and Community Association Managers,0.81,440,330,4650,1610,28730,2030,2340,430,1690,20850,4730,2550,1670,8530,3710,1220,2050,1950,2900,440,3800,4750,5120,3330,1370,3550,790,690,3350,610,4540,700,7500,2900,540,5160,2270,2220,4100,650,1940,870,4820,11420,2300,400,2590,2460,660,1740,280
13-1021,Buyers and Purchasing Agents; Farm Products,0.87,250,0,0,90,1350,90,40,0,0,290,490,90,110,470,240,340,290,120,230,0,170,310,440,370,60,350,60,0,70,0,90,60,300,240,120,310,200,200,260,0,140,300,130,770,110,100,0,190,0,310,0
13-1023,Purchasing Agents; Except Wholesale; Retail; and Farm Products,0.77,6240,670,5030,1380,33720,6050,4240,760,2630,15820,8060,1040,1140,10150,6210,2480,3410,3390,2660,910,6850,6060,11710,6250,1570,4760,710,1640,1880,1490,8540,1770,14740,8160,630,12950,3730,3170,13500,820,3210,690,3940,27360,2540,540,12520,11780,700,7100,320
13-1031,Claims Adjusters; Examiners; and Investigators,0.98,3730,290,0,1450,32540,3340,4980,430,560,20020,8610,730,940,11180,3630,3020,3030,3870,3040,1690,6030,7250,5650,4790,1240,6950,0,2420,1500,1600,9490,910,20520,7860,650,9840,3310,3010,14240,1400,2480,710,5720,19650,1910,240,5110,5730,1340,6230,150
13-1032,Insurance Appraisers; Auto Damage,0.98,0,0,460,0,0,90,210,0,0,1380,470,50,0,390,180,70,300,40,120,90,450,440,190,70,30,260,30,0,0,60,0,0,810,210,0,590,190,70,570,0,0,30,150,1840,70,0,540,270,0,70,0
13-1074,Farm Labor Contractors,0.97,0,0,0,0,350,0,0,0,0,0,0,0,0,0,0,0,0,0,0,0,0,0,0,0,0,0,0,0,0,0,0,0,0,0,0,0,0,0,0,0,0,0,0,0,0,0,0,0,0,0,0
13-2011,Accountants and Auditors,0.94,15360,2350,20200,5980,147320,34150,15480,5890,11080,75640,36360,4840,3970,51350,20010,9630,12010,10610,11010,4390,26510,35730,30510,27130,5480,24130,3140,8700,7610,4780,36640,6580,108800,31080,3870,42890,14150,12050,52590,4550,14470,4540,16430,118320,10600,3050,40220,27370,3840,21300,1840
13-2021,Appraisers and Assessors of Real Estate,0.9,710,150,1150,600,4220,1690,660,180,0,4170,2820,290,400,2090,1710,640,720,400,630,380,1470,1420,2530,2160,380,1780,330,520,690,210,1520,690,3370,1480,110,1720,760,800,1570,320,870,280,900,5750,910,130,1480,880,760,860,240
13-2031,Budget Analysts,0.94,860,290,1150,430,7080,1140,1000,140,1960,2910,1400,260,170,1400,500,280,0,1180,430,150,2230,2060,870,430,410,720,220,310,300,90,2380,620,3430,960,120,0,790,700,1450,170,310,130,460,4930,310,80,3610,1310,210,0,110
13-2041,Credit Analysts,0.98,490,0,1130,520,7910,1300,1240,1150,220,2780,1830,80,240,2930,800,1190,570,500,300,190,0,1940,1230,3460,380,1330,130,520,0,150,0,160,7630,2910,190,2810,560,610,2400,0,810,380,1180,7940,830,100,1840,900,100,1850,40
13-2053,Insurance Underwriters,0.99,960,120,1470,200,7440,1390,3160,200,0,4300,6050,280,190,5390,1060,1760,0,330,1240,410,1930,3230,1760,1750,280,2090,130,1590,300,370,3580,140,7860,2390,350,4860,530,730,4900,420,910,270,880,5660,460,190,2280,1970,170,2290,90
13-2072,Loan Officers,0.98,3740,700,9840,2360,38100,5320,2200,940,650,21060,7650,1160,2520,13380,4640,5180,3900,4140,3670,1260,4540,5330,0,7540,2250,7350,1400,2980,2200,1070,6570,1210,11250,12690,1220,11980,4230,3640,11800,1230,4200,1580,6380,22400,4550,570,9170,6710,820,6800,730
13-2081,Tax Examiners and Collectors; and Revenue Agents,0.93,1110,70,560,520,8870,680,1020,100,0,4220,2160,100,290,1490,580,190,0,1910,610,290,480,1650,600,1080,390,2170,130,220,240,320,1450,260,5270,1530,80,1640,420,540,3320,320,280,140,1200,4000,1860,100,1410,1090,460,510,0
13-2082,Tax Preparers,0.99,590,240,1500,630,10590,1140,690,100,200,3500,3320,230,260,0,2020,690,610,1060,1050,360,660,1440,2440,1080,540,1240,230,210,470,250,1320,340,2380,1810,110,2040,1360,1400,1750,250,980,260,1310,6850,790,0,2200,0,310,750,50
15-1150,Computer Support Specialists,0.65,0,0,0,0,0,0,0,0,0,0,0,0,0,0,0,0,0,0,0,0,0,0,0,0,0,0,0,0,0,0,0,0,0,0,0,0,0,0,0,0,0,0,0,0,0,0,0,0,0,0,0
15-2091,Mathematical Technicians,0.99,0,0,0,0,0,0,0,0,0,70,0,0,0,0,0,0,0,0,0,0,0,0,0,0,0,0,0,0,0,0,0,0,40,0,0,0,0,0,0,0,0,0,0,110,0,0,0,0,0,0,0
17-1021,Cartographers and Photogrammetrists,0.88,170,150,240,60,1570,870,80,0,0,520,140,50,180,270,90,0,140,110,0,60,470,90,360,250,40,170,100,70,130,120,180,80,170,520,40,90,110,480,210,0,350,90,140,1590,140,40,440,400,40,240,90
17-3012,Electrical and Electronics Drafters,0.81,310,40,580,140,5090,620,440,60,120,860,380,180,120,810,310,220,250,450,230,190,400,900,540,440,120,520,120,160,190,300,580,230,1480,640,50,760,300,450,1140,0,360,30,410,2970,250,40,490,970,50,460,0
17-3013,Mechanical Drafters,0.68,590,0,750,240,3900,880,1900,130,0,2460,1170,70,170,3640,1450,880,1100,800,1000,750,1220,1530,4310,2260,400,1050,80,470,210,350,1370,190,3750,1510,140,2440,1110,830,3370,60,810,170,1240,4900,650,90,2020,2250,150,2730,80
17-3022,Civil Engineering Technicians,0.75,1600,520,1110,190,8360,1300,480,490,180,2930,1760,140,280,1930,800,850,1270,1330,570,400,1110,730,2420,2250,960,1240,350,370,890,170,920,600,1840,3250,500,1970,710,840,2280,290,700,420,1560,11750,580,370,2030,1730,810,1680,350
17-3023,Electrical and Electronics Engineering Technicians,0.84,2020,490,2820,570,24250,1640,1530,180,340,5400,3840,550,660,3810,2230,1000,960,910,1460,360,3940,5170,3180,2360,1150,1720,150,470,1570,1090,2570,1300,5880,2630,340,2450,1550,0,5260,720,1700,170,2430,15370,1570,320,5720,2180,380,2070,100
17-3024,Electro-Mechanical Technicians,0.81,110,40,340,0,2430,180,70,0,0,250,260,0,0,400,260,90,0,150,0,0,170,750,550,260,0,0,0,70,100,160,260,210,530,140,0,420,390,610,560,0,120,0,360,1400,140,0,620,180,0,150,0
17-3031,Surveying and Mapping Technicians,0.96,700,200,1050,310,3530,0,280,120,0,5250,1720,80,260,1270,830,280,500,660,1200,330,750,580,1120,790,560,840,240,680,250,270,640,720,1480,2910,190,1370,980,740,1730,100,1040,110,1250,7730,350,120,1890,1220,390,530,180
19-2021,Atmospheric and Space Scientists,0.67,0,150,90,0,700,1580,30,0,60,460,80,60,50,0,70,90,100,90,60,70,590,480,120,250,60,140,100,110,90,70,120,150,470,160,0,110,150,130,90,0,60,0,120,650,160,0,400,270,0,100,70
19-4011,Agricultural and Food Science Technicians,0.97,100,0,160,580,2840,180,0,0,0,210,610,60,450,710,630,1360,360,340,170,40,280,100,240,1020,220,450,50,460,0,0,280,120,930,500,170,510,290,670,570,0,0,250,350,1930,100,90,360,330,0,1120,0
19-4041,Geological and Petroleum Technicians,0.91,90,490,100,40,1440,590,0,0,0,120,140,0,50,90,0,0,110,80,740,0,40,30,120,100,210,50,60,0,230,0,0,150,70,0,0,130,1340,50,630,0,50,0,50,6340,200,0,40,90,210,0,300
19-4051,Nuclear Technicians,0.85,0,0,0,0,120,0,130,0,0,0,0,0,330,680,0,0,0,0,290,0,0,0,140,0,0,90,0,0,0,0,30,0,0,0,0,0,0,0,870,0,900,0,240,270,0,0,360,40,0,0,0
19-4061,Social Science Research Assistants,0.65,0,40,1810,240,2810,290,110,30,3620,340,750,120,0,830,1180,110,0,80,90,170,590,1240,530,160,0,190,0,300,150,0,250,0,6340,1210,0,320,140,320,1020,0,220,0,260,1400,470,0,900,330,420,380,0
19-4091,Environmental Science and Protection Technicians; Including Health,0.77,340,110,720,170,4560,830,310,210,50,1400,690,240,330,810,630,190,380,270,450,120,440,640,840,690,230,450,80,120,480,200,980,220,2170,1110,110,1530,370,260,1080,50,210,80,690,3630,310,80,680,1050,720,510,130
23-1021,Administrative Law Judges; Adjudicators; and Hearing Officers,0.64,120,0,340,380,1610,210,210,80,0,550,530,50,60,540,90,70,50,380,260,130,200,140,470,140,90,180,60,70,150,120,290,140,1410,0,0,460,180,420,850,70,110,0,300,1210,160,50,510,320,110,80,0
23-2011,Paralegals and Legal Assistants,0.94,2870,730,5550,1490,29190,5750,4920,1210,5400,24430,8170,1140,860,10390,3790,0,1860,3020,4070,1170,6200,7880,5570,4770,1780,4790,880,1250,1930,1120,7870,1600,22210,8920,410,7890,2800,3290,10800,1220,5340,350,3830,22120,2620,660,0,5270,2150,4690,520
23-2093,Title Examiners; Abstractors; and Searchers,0.99,270,110,770,620,5340,0,110,0,60,4090,330,300,370,1620,1240,750,510,220,780,0,1090,480,1720,1360,240,0,290,260,450,130,1830,420,3450,760,410,2130,1680,740,2240,300,240,410,710,8830,580,0,980,1390,260,770,170
25-4011,Archivists,0.76,70,0,60,50,520,50,80,40,180,160,60,0,0,260,120,0,40,0,80,0,270,250,110,80,0,110,0,0,30,0,100,40,880,110,0,120,40,70,280,60,80,0,90,490,0,40,100,160,0,120,0
25-4021,Librarians,0.65,2100,430,1800,1320,9200,2220,2270,410,1160,5970,3200,550,600,6070,2170,1430,1420,2240,1750,750,2940,4670,3110,1690,1450,2590,590,1040,720,1010,4980,780,11860,4530,450,3840,1470,1220,5100,690,1920,530,2610,10370,770,750,4100,3130,760,2180,400
25-4031,Library Technicians,0.99,830,260,1430,400,10190,2460,1650,260,550,2410,1630,200,580,6480,1980,1300,920,1010,2070,870,1880,3290,3560,1340,800,2390,380,680,450,630,2820,640,7390,2850,160,4000,1120,1800,2740,320,1400,650,1340,3740,560,550,2290,2870,320,2520,440
27-2023,Umpires; Referees; and Other Sports Officials,0.98,90,240,410,0,1740,1280,300,90,0,670,150,0,0,1820,240,170,650,160,230,0,0,340,300,270,0,900,90,30,0,0,220,40,1790,610,120,340,0,190,300,0,60,0,560,970,0,60,650,400,130,510,0
27-3012,Public Address System and Other Announcers,0.72,50,0,200,0,1020,100,40,0,0,450,130,0,80,430,130,70,30,0,210,0,30,260,270,390,0,130,0,0,180,0,220,0,620,170,90,210,0,0,230,0,40,0,220,850,0,0,0,0,0,260,0
27-3042,Technical Writers,0.89,660,70,970,170,6590,1270,690,140,800,2250,990,70,210,1680,730,500,540,290,220,100,1980,2700,1000,1200,90,1030,70,300,220,220,1860,300,2390,1570,70,1730,720,600,1600,170,480,100,670,3930,680,120,2590,1190,120,1120,0
27-4012,Broadcast Technicians,0.74,340,100,410,100,4130,680,580,0,650,1970,810,120,120,1180,610,440,190,300,180,180,350,880,780,530,130,450,160,190,140,140,760,160,4000,830,80,840,140,290,730,110,670,80,290,1920,140,50,640,530,150,830,230
27-4013,Radio Operators,0.98,0,0,0,0,40,0,0,0,0,0,0,0,0,30,0,0,0,0,0,0,0,0,0,120,0,30,0,0,0,0,0,0,0,0,0,90,0,0,0,0,0,0,0,0,0,0,0,0,0,0,0
29-2011,Medical and Clinical Laboratory Technologists,0.9,2550,230,4200,1040,11780,2620,2350,440,750,10150,4710,640,580,6070,3920,1230,1690,1760,2650,900,3840,6210,7090,4050,1490,3780,540,1460,820,580,4990,680,10380,5020,700,6860,2030,2170,7970,500,2820,760,4620,12380,2280,180,4340,3380,830,3430,290
29-2021,Dental Hygienists,0.68,3380,480,2410,1430,21490,4580,3810,640,390,11010,5980,910,1510,8250,5010,2470,2380,2230,2000,1230,3560,5920,9880,4800,1250,3110,770,1240,1920,1250,5790,1190,10750,6200,690,7870,2020,3870,9740,1070,2720,620,4000,12500,2650,740,4970,5800,1020,5000,490
29-2052,Pharmacy Technicians,0.92,7290,680,9420,3960,34870,5110,3760,1460,950,27660,11980,1810,1760,19330,9830,4330,4360,8420,6150,2040,7300,8700,12230,7680,3760,10240,1150,2570,3380,1480,9500,2580,17660,14280,730,16290,5380,4520,16460,1530,6470,1250,12740,33030,3940,530,9070,7330,3110,7780,570
29-2071,Medical Records and Health Information Technicians,0.91,2670,640,5740,1870,20840,2780,1710,410,510,10600,5860,630,1010,8140,3850,2150,2120,4530,2850,1320,4080,5640,5240,3950,2490,5120,1080,1630,1720,980,1880,1420,8800,5620,890,9240,3960,3340,7610,660,2590,1080,5230,17110,1600,480,5030,4510,1290,5290,340
29-2081,Opticians; Dispensing,0.71,1210,140,1870,460,8040,1330,880,430,290,4930,1460,450,420,3200,1750,780,920,810,1220,330,1270,1520,3370,2080,370,1530,310,740,430,510,1540,290,3450,1620,340,2930,810,1280,3310,260,1090,420,1710,6430,640,100,2210,1380,330,1810,240
31-9093,Medical Equipment Preparers,0.78,1150,110,1330,200,6600,980,390,170,260,3860,1220,240,230,1910,780,430,290,590,310,500,1300,1610,1890,1250,290,1220,190,340,260,280,2570,150,2720,1520,230,2210,370,1220,1980,150,510,150,820,3170,470,100,910,1760,380,870,80
31-9094,Medical Transcriptionists,0.89,610,120,810,520,3880,800,570,160,40,5300,1530,150,570,1610,1110,1010,720,850,1090,290,700,730,1860,1370,440,1190,240,470,380,250,1240,220,2190,1190,310,2100,360,1070,2530,120,760,610,1490,4680,290,160,1850,1620,390,1470,80
31-9095,Pharmacy Aides,0.72,620,80,0,530,10390,150,120,0,0,2290,950,120,70,760,240,370,830,200,750,90,0,740,560,450,190,1010,80,230,110,0,350,100,2480,430,380,760,860,220,1640,0,220,0,820,2320,350,210,570,1150,370,640,40
31-9096,Veterinary Assistants and Laboratory Animal Caretakers,0.86,1010,120,1840,810,11690,500,670,220,0,4870,2060,270,380,2150,2020,820,910,1060,1540,590,1560,1780,2490,1040,800,2020,310,420,700,290,1100,520,3690,2920,160,2750,1530,1510,2640,200,910,200,3020,5140,450,0,3040,2970,490,1480,130
33-3041,Parking Enforcement Workers,0.84,90,0,50,30,1680,100,120,30,0,490,250,40,40,590,70,60,0,30,160,0,170,320,180,140,40,60,30,0,50,90,430,0,490,0,0,160,40,110,400,80,70,0,0,420,90,0,530,200,90,120,0
33-9031,Gaming Surveillance Officers and Gaming Investigators,0.95,60,0,360,0,1090,140,280,80,0,400,0,0,80,150,410,240,90,0,290,0,90,0,510,400,360,280,80,0,800,0,220,280,190,0,90,540,1080,200,570,0,0,90,0,0,0,0,0,390,80,230,0
33-9032,Security Guards,0.84,12920,2070,22510,6220,146740,15330,11610,3490,15140,85510,28840,9770,2800,49370,17160,5890,6280,11050,16640,1920,27720,21590,24900,10950,10400,17000,1560,4660,21230,2760,39110,6320,112750,27520,1430,32280,11550,8280,43790,2930,14210,1120,23350,88360,5650,1120,32970,18880,5070,11430,1000
33-9092,Lifeguards; Ski Patrol; and Other Recreational Protective Service Workers,0.67,1340,310,1870,450,16110,4270,1500,310,220,7630,3400,1010,530,8330,3230,1980,1730,1120,920,520,2170,3390,3210,3000,290,3970,280,1060,1520,480,4560,790,8760,5020,610,6960,1010,2080,4920,340,1080,470,2870,13360,2160,320,0,2680,540,3920,390
35-2011,Cooks; Fast Food,0.81,6940,780,17540,6980,102780,7280,6380,720,2030,11160,23160,2350,6730,18980,8300,3720,7550,5600,5910,910,7640,7080,14110,400,10920,9530,3070,2710,8400,1330,9300,3620,16790,8100,1450,16000,15520,9740,8410,1480,14210,1940,14390,51680,2650,640,13490,5420,1720,4630,1030
35-2012,Cooks; Institution and Cafeteria,0.83,10700,960,5090,6910,28680,8210,3530,2670,1620,12950,14690,1580,3160,15500,12650,7520,5930,11260,5510,1820,4440,7970,8830,7570,7370,14620,2150,4260,1580,1550,7590,2890,16020,7790,1490,17730,10280,5610,20480,1060,8210,2540,9750,37150,3760,1130,7300,10150,5370,11000,1320
35-2014,Cooks; Restaurant,0.96,15790,1900,24500,10290,133870,30270,13840,4100,6200,101520,32510,8410,5760,43900,27090,12060,9250,16040,16690,4980,17940,28100,36240,25530,9530,26100,4720,5260,20860,5580,20480,7340,67300,42100,2700,37660,13600,22290,50470,4900,21750,1830,21680,101210,8670,2430,32940,28820,6110,21460,2790
35-2015,Cooks; Short Order,0.94,3100,430,1460,580,20350,1400,1840,120,350,6550,6330,1260,940,6260,1610,1900,2440,1950,4110,1920,4110,4000,4390,1300,2280,3240,1820,4460,1950,3230,7130,940,12070,3970,280,12360,2230,970,3600,1300,4210,1660,6500,20570,520,520,2150,4030,420,2570,280
35-2021,Food Preparation Workers,0.87,9460,4680,11220,7110,108830,10540,10090,2010,3430,58490,30700,7710,3870,36610,20450,5640,10510,6930,33090,7020,16120,17290,20530,8840,9110,14100,3560,3810,11970,3160,30810,4850,63570,18160,2280,24990,9040,14010,28010,4620,10570,2890,16530,60140,7170,1730,18740,21680,2450,10110,1430
35-3011,Bartenders,0.77,3700,1740,11150,2160,57340,12560,7740,2110,4310,42510,10410,3200,2890,26410,12270,8070,4240,4070,9190,3180,10080,17680,17640,17270,2430,9910,5340,5610,14870,3520,14740,2730,43670,11890,3690,22950,5420,9040,32390,3690,7560,3160,7500,40160,2290,1880,10590,13520,2560,28120,2180
35-3021,Combined Food Preparation and Serving Workers; Including Fast Food,0.92,49320,4530,64110,30910,372200,65140,29790,11720,8750,228350,112540,12880,11350,140420,85810,40890,25980,68350,29030,9700,48940,57700,114410,66370,19750,73810,11050,23240,30950,12800,52720,20740,158160,151900,7370,163790,34520,34950,146380,9560,52450,9390,74390,330510,41490,6150,92780,81160,20910,71230,4750
35-3022,Counter Attendants; Cafeteria; Food Concession; and Coffee Shop,0.96,4580,2540,8340,1750,47970,4530,5480,1320,1680,37770,11930,5470,2370,20420,6880,6770,4650,2260,4900,3920,9410,27500,10180,15060,3010,8220,870,3080,4670,1850,30370,2320,31470,10990,1550,17230,6810,9950,10470,3640,2380,3000,10610,49540,4040,1100,11910,13380,2170,6150,1050
35-3031,Waiters and Waitresses,0.94,32420,4260,53580,19360,280100,52540,28430,6950,8720,217790,79130,16110,11410,91370,52880,24180,22720,29370,38810,11740,42360,61350,79900,50230,19390,50330,8540,15270,39450,12240,59810,16370,155540,79120,7330,98150,27610,33100,98780,10220,36570,7240,50690,219680,18800,5400,70230,48380,12110,43190,5370
35-3041,Food Servers; Nonrestaurant,0.86,1960,280,5870,1750,24830,7410,3510,1130,1650,13840,4810,2220,450,11670,5780,2810,3040,1510,3870,690,6630,5500,5990,7430,2240,6630,1010,1800,1750,1150,11600,2960,16540,5220,1200,14530,4530,2850,11400,860,2170,160,6950,20980,1030,350,8150,4360,160,6160,160
35-9011,Dining Room and Cafeteria Attendants and Bartender Helpers,0.91,2160,920,9610,1670,71460,7490,3430,1270,4730,34940,8110,5130,1470,19410,7020,2270,3680,3420,7380,800,10580,8280,8790,4040,1920,7280,1040,1360,13070,1090,10710,2650,33390,8870,870,11320,3700,4270,14900,1750,3050,3050,5250,37690,2330,1050,8180,8240,980,6500,500
35-9021,Dishwashers,0.77,4790,1670,9560,3440,86200,8300,6270,1520,4330,36330,14900,4050,2720,16900,8460,3600,4000,3820,5380,2550,9680,14870,15210,7270,2540,8810,1910,2280,10450,2470,10450,2900,34320,12550,1180,13770,4150,6290,20400,2100,5910,1840,8300,35240,3550,1350,12150,12870,1980,9850,1060
35-9031,Hosts and Hostesses; Restaurant; Lounge; and Coffee Shop,0.97,4900,910,8460,1970,47940,9430,3860,1770,2560,28930,12410,3530,1870,14510,7980,3520,3660,5580,5490,1220,7160,10280,11460,6550,2810,7490,930,1670,5990,2020,9660,2630,20930,12750,900,16140,5240,3650,16330,1350,6880,720,9260,39280,3270,570,11190,7660,2120,6280,710
37-1011,First-Line Supervisors of Housekeeping and Janitorial Workers,0.94,2510,370,2890,1740,17140,2720,2150,690,1370,10090,4450,1350,970,6240,4020,1810,1650,2170,2540,600,4280,4490,3940,2510,1440,3210,580,1120,3360,750,3510,1050,13130,4390,750,4790,1590,1850,6510,770,2880,430,3440,9060,1420,510,5320,2520,1250,2270,530
37-2011,Janitors and Cleaners; Except Maids and Housekeeping Cleaners,0.66,30520,6240,36490,16520,224110,36060,30550,8630,15030,121760,53000,13070,9130,86230,44630,23870,20770,24250,28240,10530,41550,53960,59850,45610,16990,43190,8190,14210,31090,9800,64260,12580,196790,55430,7050,85470,21170,24530,89770,7060,30990,8330,36990,168060,21710,4970,63110,42890,8630,42760,5090
37-2012,Maids and Housekeeping Cleaners,0.69,8890,3080,14740,8100,99000,16720,8020,2120,4250,82510,24040,11930,5120,33390,17520,10220,7050,12480,15100,4000,14480,18530,22840,15390,10740,18010,6220,6240,26320,4510,23170,7380,50790,31130,4230,26430,10640,14140,33230,2800,16470,4420,21410,68440,8270,2150,24500,17580,6470,16170,3260
37-2021,Pest Control Workers,0.66,2000,0,1980,1070,9490,600,430,260,30,10530,4230,660,210,1420,970,440,750,850,1480,220,1290,1220,850,460,890,1190,60,260,600,240,1420,340,2910,3470,0,1610,900,410,2190,190,2070,0,2120,5840,410,70,2350,950,320,490,50
37-3011,Landscaping and Groundskeeping Workers,0.95,12860,980,18240,5660,104820,23070,13350,3050,660,82520,22520,7020,5900,34450,17110,7860,8720,9090,8780,4880,16950,22850,30840,15260,5860,15770,4010,5400,10950,5170,29210,4360,46440,30920,2340,35550,7850,11490,32860,4150,13790,2510,12530,66770,9640,2750,26680,19630,4320,16110,2120
37-3012,Pesticide Handlers; Sprayers; and Applicators; Vegetation,0.97,130,0,770,260,3090,0,100,50,0,2610,850,70,270,1350,1090,1170,500,190,370,0,400,0,860,350,70,510,470,290,90,0,160,110,560,220,260,760,490,170,960,0,290,580,590,1160,270,0,330,650,80,540,220
37-3013,Tree Trimmers and Pruners,0.77,240,120,310,350,6570,0,580,0,30,1790,1150,250,230,510,530,290,0,900,250,240,1470,1080,1530,0,0,1380,50,0,0,420,570,0,1520,2370,0,1150,780,0,2800,0,600,280,900,4300,0,260,0,420,150,560,0
39-2021,Nonfarm Animal Caretakers,0.82,2690,340,3250,1400,19730,4840,2300,660,410,11830,5110,570,1120,8580,3760,1800,2200,3560,2190,810,2710,4680,6360,3220,840,3550,700,1260,1800,900,5570,1130,13220,6620,320,6660,1900,2460,6600,0,3150,600,3100,14460,1430,450,6840,4470,910,3270,340
39-3011,Gaming Dealers,0.96,0,90,1750,0,15930,1190,0,610,0,3540,0,0,0,1930,2460,1340,350,0,3220,0,0,0,3430,2150,3870,1630,0,0,21500,0,0,990,1000,970,850,0,1890,400,4330,0,160,280,0,180,0,0,0,6090,1040,0,0
39-3012,Gaming and Sports Book Writers and Runners,0.91,330,310,390,0,1040,0,0,70,0,0,0,0,0,0,0,0,0,180,120,0,0,0,230,840,90,0,440,560,1490,0,30,190,680,0,190,260,0,100,200,0,150,150,0,810,0,0,0,390,0,0,0
39-3021,Motion Picture Projectionists,0.97,0,0,190,60,280,190,0,0,0,910,50,0,30,490,0,70,60,0,320,60,0,0,170,0,30,30,70,70,0,0,160,0,190,100,0,0,80,0,270,0,0,0,70,510,70,0,170,60,0,50,0
39-3031,Ushers; Lobby Attendants; and Ticket Takers,0.96,650,0,2130,550,15240,3190,1050,140,0,7810,3400,720,740,4730,1810,770,1110,1030,2080,250,2340,2400,3120,2190,470,2680,160,580,2470,380,2670,750,9250,4480,380,2490,1560,940,6070,140,1790,310,3090,7430,2040,50,2540,3650,350,2550,130
39-3091,Amusement and Recreation Attendants,0.72,1910,680,6030,1310,44960,7070,1660,1420,210,32270,6650,1260,1220,8940,4570,1910,1730,3820,1860,830,7300,4080,7770,6690,1090,6710,570,830,4350,1290,7640,700,14860,13620,850,10950,1580,3530,9870,700,6100,1180,5520,18810,4170,350,5890,4440,380,4010,590
39-5011,Barbers,0.8,0,0,0,0,1320,720,0,0,0,0,0,0,0,0,0,0,0,0,0,0,250,0,0,0,0,310,0,0,0,0,910,0,2130,300,0,0,0,0,990,0,0,0,0,3120,0,0,0,0,0,0,0
39-5092,Manicurists and Pedicurists,0.95,410,90,1340,170,20590,0,2330,260,50,3130,550,360,90,3750,540,150,820,130,1150,190,2170,4890,770,1260,0,580,200,80,200,440,7570,0,14080,830,0,1860,290,1860,4800,450,180,70,300,2260,0,0,2460,3870,40,690,60
39-5093,Shampooers,0.79,140,0,0,0,790,0,120,370,120,1020,580,0,0,1080,0,0,0,0,140,0,1790,520,110,0,0,0,0,0,0,0,2380,0,1890,180,0,140,0,0,1190,0,0,0,0,920,0,0,910,0,0,0,0
39-6011,Baggage Porters and Bellhops,0.83,290,90,740,130,5660,640,180,30,670,10800,880,1380,60,1740,580,0,50,140,480,0,380,680,800,330,220,550,70,130,2710,60,560,210,4250,550,140,490,260,270,1320,100,340,60,500,2260,280,130,1330,520,130,180,60
39-7011,Tour Guides and Escorts,0.91,330,680,1130,170,4580,1340,270,250,500,1790,850,1340,90,840,490,220,140,490,680,90,380,1690,1100,720,140,920,120,130,460,180,340,270,2470,830,0,710,320,210,1600,390,850,410,1050,2050,980,150,1450,1150,100,970,240
39-9021,Personal Care Aides,0.74,13230,4900,38670,15460,144310,23640,23510,3880,5260,25020,19740,3940,10840,43150,27790,16230,17500,14740,33410,13340,14330,42190,37870,67420,10630,42140,4740,6810,11020,7410,10460,23940,156830,22130,4940,26520,12100,19330,92040,3390,14020,2600,17150,188790,7870,6680,41200,26820,10710,59690,1890
41-2011,Cashiers,0.97,72610,6470,67040,34480,404500,59540,38800,11800,9270,240010,110850,16130,15190,127700,70440,42200,36480,49550,71140,16000,77520,72200,92860,63650,38690,74790,14750,26060,34490,22330,95550,21580,193860,112280,10240,117390,43690,45730,147440,10540,64740,13200,72320,272270,28080,9700,108920,65350,22390,61290,6880
41-2012,Gaming Change Persons and Booth Cashiers,0.83,0,0,820,0,2680,120,0,0,0,1210,0,0,70,410,330,180,120,190,1040,0,0,0,800,660,720,200,0,0,1720,0,750,550,880,0,120,420,1910,350,750,0,0,290,0,140,0,0,0,890,1130,490,0
41-2021,Counter and Rental Clerks,0.97,8810,930,9930,3510,86240,13750,4190,1180,510,29780,9820,1900,1460,10660,9460,4040,4250,6080,5660,1530,10300,7560,11790,6090,2580,4630,1580,3820,4950,1890,8940,3020,21180,12330,680,13780,3480,4510,13170,1300,4860,930,7220,46870,3230,910,13940,11310,980,7780,1020
41-2022,Parts Salespersons,0.98,4200,700,4260,3150,25190,4700,2520,770,0,15130,7570,600,1700,8990,5650,3790,2910,3560,4300,1370,3730,3890,9090,4930,2530,5640,1330,2250,1930,1550,5090,1740,9640,8720,1730,10500,3730,4170,9000,850,3210,1620,5910,22820,2200,580,6110,5150,1600,5520,910
41-2031,Retail Salespersons,0.92,59690,10470,90030,37840,440440,83670,51540,17750,6500,339070,141860,23110,25270,186820,92400,44500,39580,57080,61120,20190,69470,107880,147440,84730,39600,82100,15920,29780,49650,25920,131080,26880,322970,140410,13610,157460,49280,61610,176270,13720,69430,15500,93500,383080,43450,9100,122290,101850,21980,85100,8580
41-3021,Insurance Sales Agents,0.92,5680,610,8590,2950,38280,10250,6450,1070,260,30060,12280,1020,1590,14730,9260,6340,3910,4190,6330,1820,7140,7430,10850,7440,2700,8810,1420,3380,3110,1540,10660,1270,21040,10000,1090,15460,4250,4050,15420,1370,6260,1870,7780,32330,3420,860,10180,8300,1830,8180,610
41-4012,Sales Representatives; Wholesale and Manufacturing; Except Technical and Scientific Products,0.85,23200,1670,21730,13830,141140,29830,15200,2810,980,95130,58500,3420,6430,69240,30610,15830,14990,18320,22980,4250,16720,24380,54300,32800,7180,24350,4690,11050,9080,7270,44070,4730,87710,45460,3670,48290,10020,16180,63350,5630,20450,5390,21240,118160,14440,2370,29500,35710,4830,38650,2310
41-9012,Models,0.98,0,0,0,0,540,0,0,0,0,90,0,0,0,0,0,0,0,0,0,0,0,0,0,0,0,0,0,0,0,0,0,0,490,0,0,50,0,180,100,0,0,0,0,1220,0,0,60,0,0,80,0
41-9021,Real Estate Brokers,0.97,220,90,1670,120,5900,1930,160,0,200,2940,520,330,150,2330,320,90,210,80,290,180,660,1120,590,410,240,780,210,210,170,180,420,130,1610,6160,0,690,450,870,1000,0,920,0,490,2590,320,70,1700,580,90,240,0
41-9022,Real Estate Sales Agents,0.86,900,190,3150,1060,12400,4180,800,610,640,17510,10370,250,800,3890,2390,1040,710,1980,1180,200,2130,2330,2620,1820,850,2210,420,500,1560,230,2630,850,6010,5160,440,6720,3390,700,6820,270,3990,300,1330,16210,2030,0,6720,7420,330,1240,230
41-9041,Telemarketers,0.99,2240,0,13850,2600,13670,6100,1120,0,230,27870,4110,310,2020,7420,4510,2740,1910,1380,420,1400,1260,2830,4490,2660,0,7680,350,3000,3210,660,4540,830,7520,4580,210,13510,4160,3160,6330,180,2200,1040,3750,21020,4750,70,8120,2440,1100,5020,0
41-9091,Door-to-Door Sales Workers; News and Street Vendors; and Related Workers,0.94,0,60,0,0,1200,100,0,0,0,280,0,0,0,0,160,0,90,0,0,0,190,90,0,60,0,240,0,0,0,0,0,0,380,300,0,500,0,150,170,0,0,0,50,1170,0,0,0,0,0,150,0
43-2011,Switchboard Operators; Including Answering Service,0.96,1230,160,1330,670,11710,1300,630,210,300,5940,3800,790,390,3230,1850,460,1260,1860,2430,490,1420,2340,2210,910,1100,1720,140,850,1710,470,2020,660,5580,2780,120,2670,970,1280,4060,560,1690,40,2520,7260,700,200,1380,1740,430,1150,160
43-2021,Telephone Operators,0.97,0,0,0,0,520,0,210,50,50,430,100,50,0,590,90,130,30,0,100,0,190,340,320,0,40,60,0,0,50,0,120,0,800,0,0,340,30,0,340,60,80,0,100,350,0,0,140,0,0,0,0
43-3011,Bill and Account Collectors,0.95,4180,360,8870,1680,36030,3200,2610,1180,200,20410,13450,750,1740,11920,4790,2370,4080,2470,3390,930,4270,6170,6760,6170,2290,7180,640,1810,2280,1270,5640,1090,17130,8960,400,13640,4140,2890,11320,700,5730,3470,6580,29940,5460,400,7840,4380,1350,4240,210
43-3021,Billing and Posting Clerks,0.96,7160,1190,12010,4050,57380,6430,5630,2090,840,32340,13700,1520,2480,15190,8900,4310,5320,9100,5290,2350,8010,9410,15530,8010,3670,10040,1420,2890,3570,2170,17740,1800,33670,14210,900,21170,4030,4940,24480,1810,6160,820,11510,42040,4450,1050,11330,12070,2170,6280,570
43-3031,Bookkeeping; Accounting; and Auditing Clerks,0.98,22190,4670,21910,12040,187550,26940,18140,7730,3840,94170,42950,6460,8540,55350,31440,19630,15850,22060,20950,7400,23570,42930,38940,33560,11940,30370,8480,12640,11880,7710,45120,8690,115270,43590,6340,61590,21970,22610,60390,6090,21080,9610,30160,125140,13560,5450,39810,35630,6900,32880,3260
43-3051,Payroll and Timekeeping Clerks,0.97,2400,430,2480,1420,25650,2470,2010,500,500,6700,4460,790,790,5200,3800,1060,2070,2250,3070,620,2810,3760,3330,3210,1320,3010,520,920,1420,770,4400,910,9720,4300,650,6130,2880,1950,6870,480,1830,390,3310,13890,1580,330,3290,3090,880,2740,280
43-3061,Procurement Clerks,0.98,690,260,2510,630,7710,980,820,170,300,3140,1770,300,390,2490,1260,550,650,710,750,460,1860,1220,1870,1430,860,1790,190,710,530,350,3430,340,3800,1730,350,3840,1200,800,3630,270,1200,140,1370,7170,970,130,1920,1090,490,740,140
43-3071,Tellers,0.98,9400,1290,6220,6130,43510,7150,5140,1360,940,31070,13000,2040,2790,20870,10650,8420,5860,8650,9290,2450,7900,10110,15550,7890,4770,11670,2010,5250,3810,1970,15240,2740,26570,13340,1620,19260,7170,4430,23390,1380,7000,2190,10420,49510,5520,1120,11680,10350,3300,12270,1050
43-4011,Brokerage Clerks,0.98,670,60,1690,160,5600,1240,740,380,130,3710,570,70,70,3380,440,440,330,1200,240,130,670,1850,930,2740,200,1910,160,660,180,390,3330,110,6250,1700,90,2910,200,370,3870,570,250,0,1020,4430,490,50,1360,680,110,740,70
43-4021,Correspondence Clerks,0.86,50,0,120,90,560,160,60,0,0,350,80,0,0,210,110,150,140,120,40,80,370,180,90,30,0,200,0,0,0,150,240,0,230,90,0,500,80,50,500,0,0,230,420,630,30,0,110,80,0,0,0
43-4041,Credit Authorizers; Checkers; and Clerks,0.97,280,40,910,100,2970,610,230,0,0,2710,540,50,160,740,630,660,280,200,1280,100,950,460,590,920,840,840,0,300,660,130,1490,120,1870,1500,250,1390,500,390,850,70,450,220,1440,4270,400,0,0,380,60,560,0
43-4061,Eligibility Interviewers; Government Programs,0.7,3240,500,1480,1620,25640,2620,1130,150,660,3920,4460,680,450,2080,2000,1020,850,1370,240,560,1460,2610,4390,2410,1280,3820,140,750,580,470,810,970,10550,6550,380,4250,610,1500,9000,440,450,450,3080,12350,1910,60,3860,3350,1310,1230,270
43-4071,File Clerks,0.97,690,420,2690,570,18550,2020,1120,490,590,15590,2860,600,630,4080,2300,850,1040,1410,2350,220,1970,2060,2290,1920,930,3620,500,450,1350,960,7350,700,9810,1590,230,4330,1940,1480,4540,460,1130,90,2100,12900,1060,0,2130,1700,350,1520,180
43-4081,Hotel; Motel; and Resort Desk Clerks,0.94,3840,1040,5230,2460,25190,5930,1670,650,1120,18910,7140,2360,1470,6650,4410,3890,2690,3700,3640,2050,3400,3760,5280,4730,3160,4200,1790,1940,5010,1210,4040,2830,11060,8950,1840,6110,3340,3760,8230,530,5810,2250,6440,20570,2930,770,7320,5300,1570,4810,1470
43-4111,Interviewers; Except Eligibility and Loan,0.94,3300,130,1170,1210,18670,4320,1470,720,230,11790,3800,390,1140,4250,4110,1500,2520,4330,630,1040,4390,2820,3990,2800,1620,6640,900,3710,2210,1360,6760,200,14310,7850,270,8880,1150,3400,9830,660,2140,490,7700,10260,2410,340,5140,4020,1110,1710,270
43-4121,Library Assistants; Clerical,0.95,1290,250,1360,620,9220,1520,1550,480,400,4320,1800,290,480,6890,3050,1640,1120,1600,290,320,1710,2650,4400,1150,690,2370,130,600,840,790,4070,330,7230,1880,110,6090,940,1100,5270,380,1090,0,1080,5670,1150,290,2480,2340,900,2050,270
43-4131,Loan Interviewers and Clerks,0.92,2940,390,9040,1890,23370,3800,1760,960,200,16340,4780,790,1250,8740,4460,4350,2470,2860,2480,810,2390,2760,5210,4530,1700,6530,1060,1440,2010,830,5310,1250,5770,6610,670,11190,3690,2090,8610,1010,3100,2090,3670,27030,3260,230,7800,3960,600,3810,470
43-4141,New Accounts Clerks,0.99,430,50,900,450,3850,480,90,200,0,660,450,310,300,3530,770,1160,990,770,490,290,630,840,1050,940,470,1560,160,710,230,420,660,210,930,1580,180,2290,1420,900,900,0,300,40,950,4280,350,0,980,630,320,1160,170
43-4151,Order Clerks,0.98,1330,190,3050,910,34260,2400,1410,490,60,7890,3710,510,710,7370,3020,1230,1410,2010,900,1230,2410,2760,3120,2170,770,3280,150,2420,1380,880,5600,160,6710,3790,320,10050,1480,4350,6650,320,1110,340,4830,22100,1490,790,2810,4470,310,5690,60
43-4161,Human Resources Assistants; Except Payroll and Timekeeping,0.9,1500,440,2560,1270,16430,2330,1290,610,810,7750,3500,1060,410,3660,1860,1000,1250,1840,1350,510,4220,2370,3060,5650,920,3050,320,1140,1190,480,5540,980,10920,4990,350,4550,1470,1360,5520,600,1560,240,2640,11620,750,170,4380,2580,600,2270,200
43-4171,Receptionists and Information Clerks,0.96,13610,2670,17460,6940,106030,19010,13290,2440,4370,80770,28490,3440,5460,40010,16720,8310,9230,15160,15350,3660,19490,20380,31230,17880,6070,14100,2730,6270,10300,5340,52470,5890,90110,31800,1800,25220,8670,11800,38180,3850,11880,4570,17260,55940,10870,2470,32240,22590,4100,18630,1210
43-5011,Cargo and Freight Agents,0.99,740,660,940,810,12760,620,450,130,80,6140,4230,890,140,5330,1190,530,670,2460,530,230,640,1110,1670,1360,350,1760,270,580,1360,180,3330,160,6660,2500,110,2690,330,1080,2190,90,1290,370,1040,11820,570,60,2700,1930,70,1060,50
43-5021,Couriers and Messengers,0.94,1680,0,670,500,13680,1050,570,290,500,4050,1990,350,350,2490,950,630,600,1080,1400,200,770,2190,2150,950,620,930,0,880,1100,420,1600,510,6140,1390,250,1620,720,1060,2720,270,1030,150,2070,6120,450,260,1170,1010,280,1860,90
43-5032,Dispatchers; Except Police; Fire; and Ambulance,0.96,2190,720,4380,1620,25400,2780,2600,660,310,10720,5990,790,860,7090,4750,1620,1710,2810,4200,980,3350,3730,5180,4140,1280,4370,570,1390,2530,610,6410,820,11490,4710,950,7520,2230,2940,7310,470,2170,580,4770,20230,1700,350,4690,4280,730,3910,300
43-5041,Meter Readers; Utilities,0.85,630,40,640,770,3650,370,180,50,0,1420,1780,120,120,1100,1220,310,520,780,980,100,290,610,0,340,0,640,80,110,130,150,950,350,1590,1090,90,1020,820,250,1340,0,670,60,1110,2620,340,60,770,610,420,350,80
43-5051,Postal Service Clerks,0.95,1330,400,1070,1100,7600,1390,1040,270,150,3760,2220,440,490,3270,1710,1420,1260,1260,1230,720,1380,2370,2830,1530,840,1960,550,800,460,550,2820,680,6090,2060,390,2760,1030,950,3950,280,960,420,1530,4680,650,440,2310,1700,960,1660,290
43-5052,Postal Service Mail Carriers,0.68,5320,460,5290,3040,34590,5250,4570,1030,1080,19660,9900,1100,1500,15300,7030,3920,3410,4460,4710,1550,6760,7980,11950,6420,3080,7540,860,2280,2430,1510,10340,1560,22430,10360,910,13190,3990,3610,14380,1250,4780,950,6600,23990,2190,760,8290,6530,1730,6780,430
43-5053,Postal Service Mail Sorters; Processors; and Processing Machine Operators,0.79,1030,270,1660,590,13540,2260,1170,440,630,6140,2750,390,230,6010,1950,1370,810,910,1090,480,2890,3250,3520,2300,350,2890,320,830,760,640,5170,380,9540,3160,340,3940,860,1340,5600,660,1220,280,2120,6880,690,190,2570,2120,440,1700,150
43-5061,Production; Planning; and Expediting Clerks,0.88,2500,500,7680,3530,48900,2600,4520,620,890,10400,11110,600,1320,13300,6180,2860,3520,3480,2540,1090,4390,6050,8020,5570,2370,4630,560,2030,1650,1300,6550,710,26120,8050,940,14180,4940,3130,13320,660,5450,610,7960,33030,3720,450,8490,10800,730,7020,240
43-5071,Shipping; Receiving; and Traffic Clerks,0.98,8060,1230,9570,4340,97320,8870,6680,3260,520,32620,22640,2000,2860,31500,23310,5690,7250,8760,6760,2040,9300,14630,21270,13950,5620,10250,1320,3450,6630,2790,21870,2090,33170,21500,1410,34030,5870,8140,24370,1910,9510,950,17520,64660,9720,1740,13030,14390,2190,13820,640
43-5081,Stock Clerks and Order Fillers,0.64,23870,4080,37740,17540,239980,32200,23150,5440,2740,135660,59880,8630,6810,105570,38810,19140,20720,28210,23680,8750,39610,48980,58270,33440,17330,33940,5230,13790,18740,13710,67850,10050,112890,58220,5710,84580,21280,19690,89700,7270,27320,6030,53930,165180,17520,2680,56770,35820,9550,35190,3450
43-5111,Weighers; Measurers; Checkers; and Samplers; Recordkeeping,0.95,1860,40,1100,710,12950,940,620,220,0,4080,1790,590,240,1950,1740,880,1250,1380,830,500,740,910,1310,800,860,1690,170,850,1150,160,2500,300,2170,2880,170,2490,690,930,2240,510,1230,150,2710,7550,660,220,1830,1060,420,1340,130
43-6011,Executive Secretaries and Executive Administrative Assistants,0.86,3300,2010,10180,2600,86740,10310,8220,1400,6140,36010,17400,3160,1790,36590,7870,8490,8070,5180,14640,1810,9760,23150,11070,13760,3310,10480,730,5800,2800,1710,16770,2520,82790,17810,1770,20840,9410,5860,20780,1150,4070,2660,8910,41800,5110,2130,14680,9290,1420,6680,650
43-6012,Legal Secretaries,0.98,3960,270,2950,1090,28750,3040,1520,880,4290,10410,4070,720,540,9270,3240,1650,1540,2940,3590,840,3290,4220,5380,3380,960,3450,810,1240,2010,810,8990,1550,14840,1830,290,7330,1510,1700,9630,660,2020,650,2840,14010,1250,340,3010,3920,1170,2110,440
43-6013,Medical Secretaries,0.81,5130,1410,13840,3430,73310,6950,3930,4010,1710,20540,13110,1420,920,14190,11040,4720,2790,5740,2150,3430,11850,22240,21150,11200,2530,15610,2000,2570,2770,2160,11620,3850,11720,13050,840,39610,8660,13460,24450,2470,7580,140,8840,96290,3540,960,5200,8420,1390,5350,1510
43-6014,Secretaries and Administrative Assistants; Except Legal; Medical; and Executive,0.96,45760,6920,42690,18030,222500,48460,31850,7120,14720,174800,60320,9880,8780,84550,39210,20130,28480,29050,33340,10360,61760,43310,59710,29860,23100,76060,7730,15530,14890,11770,60300,23390,197920,59480,7570,76950,27600,26820,104420,6610,38070,5840,55480,176670,29370,5970,41600,38120,9180,18720,4730
43-9011,Computer Operators,0.78,720,140,1320,900,4080,440,310,150,130,2070,2040,410,120,1920,770,360,720,380,410,200,780,1530,820,550,470,1340,70,1030,290,270,2480,280,4430,1060,130,1330,340,0,2070,260,500,0,2180,3750,360,50,990,740,210,640,60
43-9021,Data Entry Keyers,0.99,1540,240,3990,1150,23900,2440,1500,0,420,16250,4080,690,410,9140,3770,1240,1980,1680,2480,530,4130,3040,5040,3110,880,4360,500,1610,1610,1430,9340,670,12760,5600,480,5920,2240,1870,8990,640,1620,170,4840,20310,3890,450,4380,2720,590,3130,140
43-9022,Word Processors and Typists,0.81,350,120,320,0,15260,0,950,120,290,2730,470,690,460,580,450,470,120,170,380,130,750,860,1850,700,300,860,100,230,570,60,4570,160,15720,740,190,1650,470,140,6790,420,500,0,260,1470,740,0,580,490,80,1010,0
43-9041,Insurance Claims and Policy Processing Clerks,0.98,2800,160,6400,1180,39860,2350,5080,870,370,18070,11160,650,530,9850,4360,3350,1660,4310,1760,1560,2580,6900,4540,4950,890,6460,410,2560,1680,1380,8150,1040,10830,4830,400,17600,2620,3370,11580,900,2170,1040,4440,34980,1230,580,6780,4600,1150,6750,630
43-9051,Mail Clerks and Mail Machine Operators; Except Postal Service,0.94,480,160,1710,760,6290,1210,1680,460,1280,5330,3010,120,160,5480,1470,2020,980,1170,580,210,2070,2030,2200,2950,390,2310,250,530,1020,440,2900,240,8280,2250,180,3460,730,680,4850,260,810,240,1540,7190,1410,130,3800,880,470,2310,190
43-9061,Office Clerks; General,0.96,32610,6810,51010,28430,320890,44650,32340,6380,10000,163290,83920,12480,16420,140700,57280,29880,24870,23620,39220,11310,46300,63080,102910,53070,17210,46490,13240,17190,27320,15690,73320,10190,188240,83480,8620,92350,31330,33500,143570,9950,30280,3670,53250,363020,25980,1750,87200,61810,24630,84250,6560
43-9071,Office Machine Operators; Except Computer,0.92,720,60,1520,210,6410,860,730,400,710,3150,1500,120,190,1230,910,860,720,810,210,150,1600,1480,1390,1140,280,1520,130,0,410,380,3380,230,4400,1900,170,2730,630,1230,2000,230,330,80,980,5260,460,90,1480,920,140,1120,80
43-9081,Proofreaders and Copy Markers,0.84,0,0,150,50,1600,110,100,0,40,280,210,0,50,490,140,140,90,140,50,40,310,340,340,470,0,110,30,160,0,50,480,0,1400,90,0,0,0,110,480,0,40,0,120,300,0,0,320,480,0,170,0
43-9111,Statistical Assistants,0.66,80,0,210,40,800,130,80,0,370,330,210,40,0,660,740,180,80,30,80,50,240,560,230,70,50,220,40,120,0,100,140,0,650,480,0,590,50,100,690,40,150,0,40,670,90,0,70,480,0,110,0
45-2011,Agricultural Inspectors,0.94,510,0,150,360,2710,200,40,140,0,530,660,0,190,390,140,380,540,210,260,60,150,0,340,310,250,260,70,310,0,0,140,80,0,470,190,390,370,200,360,0,120,0,290,570,0,40,690,310,0,330,0
45-2021,Animal Breeders,0.95,0,0,0,0,170,0,0,0,0,0,0,0,0,0,0,100,0,40,0,0,0,0,0,0,0,60,0,0,0,0,40,0,0,30,0,0,0,0,0,0,0,0,0,0,0,0,0,0,0,90,0
45-2090,Miscellaneous Agricultural Workers,0.87,0,0,0,0,0,0,0,0,0,0,0,0,0,0,0,0,0,0,0,0,0,0,0,0,0,0,0,0,0,0,0,0,0,0,0,0,0,0,0,0,0,0,0,0,0,0,0,0,0,0,0
45-3011,Fishers and Related Fishing Workers,0.83,0,40,0,0,0,0,0,0,0,0,0,0,0,0,0,0,0,0,0,0,0,0,0,0,0,0,0,0,0,0,0,0,0,0,0,0,0,0,0,0,0,0,0,0,0,0,0,0,0,0,0
45-3021,Hunters and Trappers,0.77,0,0,0,0,0,0,0,0,0,0,0,0,0,0,0,0,0,0,0,0,0,0,0,0,0,0,0,0,0,0,0,0,0,0,0,0,0,0,0,0,0,0,0,0,0,0,0,0,0,0,0
45-4011,Forest and Conservation Workers,0.87,50,0,0,0,2130,0,0,0,40,0,0,0,0,120,0,160,0,0,210,0,120,260,30,60,0,0,40,30,0,0,150,30,90,0,150,0,0,170,170,0,190,610,340,150,70,0,0,270,60,170,0
45-4021,Fallers,0.76,90,0,0,160,230,0,0,0,0,0,110,0,290,0,120,0,0,80,90,0,0,0,150,0,510,0,0,0,0,0,0,0,60,380,0,140,0,630,0,0,0,0,0,40,0,0,420,310,0,0,0
45-4022,Logging Equipment Operators,0.79,2280,0,0,1240,1200,100,0,0,0,970,1700,0,710,0,210,40,0,310,1120,1150,90,0,760,470,1820,100,430,0,0,220,0,0,380,1570,0,230,0,2080,570,0,1330,50,750,690,0,140,1370,1650,410,540,40
45-4023,Log Graders and Scalers,0.97,120,0,0,210,0,0,0,0,0,150,160,0,130,0,40,0,0,80,140,50,0,0,0,0,90,0,0,0,0,40,0,0,70,100,0,0,0,330,90,0,120,0,110,30,0,0,130,250,180,50,0
47-2011,Boilermakers,0.68,290,0,70,120,430,70,180,0,0,700,520,0,0,0,1030,0,30,530,1670,0,60,290,210,60,330,0,160,0,40,80,200,280,320,270,0,600,350,390,630,0,240,0,280,2880,340,0,400,260,90,230,470
47-2021,Brickmasons and Blockmasons,0.82,460,0,770,460,4550,1480,620,220,180,4640,940,290,300,2860,1870,830,520,840,480,190,1980,1650,1950,1300,200,1600,260,600,840,310,1480,260,6300,2400,200,2950,440,460,3150,0,730,340,1440,3740,1390,90,2580,990,330,1500,210
47-2022,Stonemasons,0.89,50,0,850,0,2050,240,170,50,60,550,0,170,0,0,120,0,0,0,0,120,280,500,0,90,0,300,60,70,440,150,200,0,1680,0,0,0,0,30,390,0,50,0,130,1320,240,80,430,320,0,0,0
47-2031,Carpenters,0.72,8160,2350,9420,4670,91780,13410,6010,1650,2190,41610,17770,5190,5010,24720,14280,8180,5560,6360,11920,4170,13830,17440,18160,14600,3490,12860,4270,7940,9940,3100,16840,3770,48220,15200,2370,18990,4880,12860,30620,2740,8380,4110,6650,36870,8990,3130,16890,24180,2890,15300,3030
47-2041,Carpet Installers,0.87,0,0,520,190,5270,230,0,180,0,970,870,220,230,1560,500,220,410,250,270,0,510,510,1030,530,0,310,100,180,670,0,520,60,1350,490,150,570,0,390,1870,0,340,0,0,680,500,50,280,780,0,710,70
47-2042,Floor Layers; Except Carpet; Wood; and Hard Tiles,0.79,270,0,0,0,2080,120,90,0,0,830,130,250,150,470,200,90,190,0,210,0,130,180,280,60,30,410,0,0,50,0,0,0,470,150,0,220,120,300,240,0,160,130,100,370,150,40,0,0,0,440,0
47-2043,Floor Sanders and Finishers,0.87,0,0,90,120,440,200,50,0,0,0,0,0,0,0,0,0,0,0,0,0,170,0,0,210,0,0,0,0,0,0,90,0,260,270,0,0,0,0,60,0,0,0,200,150,0,0,60,230,0,850,40
47-2044,Tile and Marble Setters,0.75,230,0,690,80,7810,850,200,0,0,4980,430,380,120,1710,460,340,170,250,380,0,370,720,750,520,160,630,190,340,1480,80,1050,120,1890,320,50,600,290,800,1060,80,290,70,430,1910,1320,0,560,1000,50,420,60
47-2051,Cement Masons and Concrete Finishers,0.94,1670,130,5860,1200,20310,5330,890,400,560,11360,2930,950,1800,4570,4250,3380,2280,2240,2640,550,3260,1940,4070,4990,640,4640,450,3030,2110,160,2820,1110,7630,4340,1270,4830,2930,2360,4960,280,1670,1950,2330,19800,3460,260,4160,3660,300,4400,800
47-2053,Terrazzo Workers and Finishers,0.88,0,0,0,0,790,0,0,0,0,330,0,0,0,0,0,0,0,0,0,0,0,0,0,0,0,0,0,0,0,0,0,0,0,0,0,0,0,0,60,0,0,0,0,570,0,0,0,0,0,0,0
47-2061,Construction Laborers,0.88,7560,2820,16240,7500,92250,20620,7320,1920,3560,57090,29440,5570,5800,31260,16920,13490,10030,9880,16270,2570,19120,18980,22510,11330,6380,19180,4720,3270,8730,3310,25350,9480,61050,20400,5380,35090,9880,11500,38180,2520,15290,1740,18000,100600,13490,1510,21370,21910,7400,13240,3070
47-2071,Paving; Surfacing; and Tamping Equipment Operators,0.83,1200,0,1490,1080,4400,2240,480,230,210,2860,1130,110,180,1060,710,540,610,1240,590,340,990,670,1220,1390,910,1040,170,730,880,240,1600,210,2030,1480,430,1260,1160,510,2140,0,670,150,2220,5010,450,0,1730,580,360,520,150
47-2072,Pile-Driver Operators,0.82,0,50,0,0,470,0,0,0,0,250,0,0,0,0,0,0,0,0,420,0,80,270,0,0,40,0,0,0,0,0,240,0,120,0,0,0,120,70,80,0,140,0,0,390,0,0,90,140,0,0,0
47-2073,Operating Engineers and Other Construction Equipment Operators,0.95,5530,3550,6950,3420,25590,9250,3060,1120,570,15450,9960,2230,2590,11550,8230,5710,6440,6840,7740,1860,5170,6000,7070,10360,2360,6550,3130,2370,2560,860,5090,4300,11940,11020,3640,15310,5940,3560,20220,660,5390,1880,4550,36560,4920,1120,10770,7510,6360,7790,4150
47-2081,Drywall and Ceiling Tile Installers,0.79,550,0,4140,570,23100,2880,490,340,0,5160,1720,1010,1110,1760,1030,970,910,710,0,340,2210,1490,1290,1100,130,770,240,750,2000,580,1230,640,3110,1620,280,1250,930,910,1940,0,920,470,1580,9450,2490,200,2020,3970,190,1120,220
47-2121,Glaziers,0.73,480,140,840,400,6490,1220,480,0,290,3910,1050,340,830,1020,700,280,390,510,560,0,1240,1190,1260,770,340,1020,110,400,810,180,1070,240,2760,910,210,1410,290,760,1370,90,370,260,780,4520,500,0,900,2130,160,640,170
47-2131,Insulation Workers; Floor; Ceiling; and Wall,0.83,220,170,520,320,2190,680,180,110,0,2170,990,0,280,720,470,350,260,690,790,440,200,770,680,700,0,840,220,110,0,130,880,0,800,1220,280,480,390,420,610,0,640,170,750,4070,240,140,710,970,70,550,290
47-2132,Insulation Workers; Mechanical,0.64,280,210,0,160,1590,700,190,200,0,1310,860,130,0,370,710,830,0,220,2790,160,420,490,0,930,380,310,60,140,100,0,200,60,1110,790,260,940,380,440,370,0,600,40,440,3470,350,0,1140,590,130,390,370
47-2141,Painters; Construction and Maintenance,0.75,1940,380,4730,1340,35210,4010,1740,420,470,17700,3780,2050,1620,8380,3810,1820,1880,1920,4930,1460,4660,4900,3880,3930,1330,3820,850,1350,3070,790,4170,1080,13360,3610,580,5500,2250,4170,5890,610,2540,570,3010,18740,2420,690,6260,9100,720,3260,590
47-2142,Paperhangers,0.87,30,0,80,0,190,0,0,60,0,180,0,0,0,0,0,0,0,0,0,0,250,0,0,0,0,80,0,0,0,0,0,30,360,120,0,240,0,0,140,0,0,0,0,0,0,0,0,50,0,0,0
47-2161,Plasterers and Stucco Masons,0.84,0,0,1680,70,7250,670,0,0,70,2460,70,300,0,260,120,90,250,0,110,0,0,350,210,360,0,350,100,0,1160,0,570,440,660,140,0,300,0,0,250,0,0,0,180,1620,230,0,90,410,0,280,0
47-2171,Reinforcing Iron and Rebar Workers,0.9,0,0,480,70,3630,340,70,0,180,980,110,500,0,610,250,220,60,180,790,0,640,160,0,200,170,330,0,130,310,0,560,190,750,420,40,480,160,100,320,0,390,40,310,4100,0,0,610,560,0,130,0
47-2181,Roofers,0.9,970,230,3450,770,15670,3140,740,200,0,15930,2560,880,840,5050,2760,1150,1020,1010,670,370,1370,2020,2660,2180,500,2110,470,870,1410,200,1750,1210,5070,2460,230,4730,1070,2790,3990,0,1300,430,1690,6750,1680,310,2310,4050,440,2340,360
47-2211,Sheet Metal Workers,0.82,1190,450,2690,1280,13050,3310,1170,490,130,7460,4400,970,420,4120,4060,1870,2170,1540,1040,760,2640,3990,3480,2860,1810,4070,610,770,1050,500,2590,610,8130,3900,410,4100,3360,2400,4220,500,1950,430,2720,11090,2060,380,3900,3440,380,3350,170
47-2221,Structural Iron and Steel Workers,0.83,1340,180,1460,930,6590,1280,540,0,240,4390,1340,170,420,2790,1850,850,360,1170,2870,240,910,1170,1450,1470,600,1330,170,1020,290,110,1100,260,5720,1500,220,3190,1060,650,1800,140,930,750,1090,7230,1680,60,1310,1270,310,1330,170
47-3011,HelpersBrickmasons; Blockmasons; Stonemasons; and Tile and Marble Setters,0.83,340,0,580,230,3870,490,0,90,0,1050,260,70,160,280,570,120,310,380,280,270,920,530,410,170,140,530,160,110,170,110,180,130,1280,1030,110,630,240,520,810,0,280,180,660,1750,480,140,2010,230,100,200,160
47-3012,HelpersCarpenters,0.92,680,250,300,270,3210,280,170,230,150,2330,400,140,180,450,600,250,340,230,1850,260,1410,870,560,600,270,990,110,80,330,70,980,80,1270,1220,170,840,520,500,910,290,880,400,590,4750,290,190,2430,790,210,650,70
47-3013,HelpersElectricians,0.74,1950,220,560,300,5480,360,450,180,70,6680,3900,210,80,500,760,1030,470,970,3510,660,1130,1670,600,240,930,810,80,290,900,120,1680,610,5210,4660,40,940,1790,360,1780,0,1750,210,2420,8190,1280,0,3490,490,260,1490,70
47-3014,HelpersPainters; Paperhangers; Plasterers; and Stucco Masons,0.94,220,60,300,280,2210,0,0,30,0,470,60,180,70,100,50,100,0,0,930,0,250,100,0,0,110,40,0,40,0,0,0,50,290,280,0,0,0,0,390,0,90,0,230,1520,0,0,140,410,0,130,30
47-3016,HelpersRoofers,0.72,250,0,0,240,800,170,100,0,0,1210,140,70,100,170,210,0,0,230,130,60,340,130,90,0,60,0,0,60,0,0,0,150,310,450,60,480,180,130,530,0,180,60,360,780,0,70,470,140,110,240,40
47-4031,Fence Erectors,0.92,260,0,290,180,3600,500,0,0,0,1450,460,60,230,520,250,220,0,440,390,0,430,730,170,310,0,270,250,280,320,0,520,0,720,730,40,720,180,390,790,0,0,140,0,1980,370,0,700,590,0,240,310
47-4051,Highway Maintenance Workers,0.87,3580,140,1330,2390,4620,2960,2310,40,0,2970,2610,0,1270,6510,4140,3330,1530,2320,1410,1830,850,2110,3390,5230,2360,5510,980,2680,670,1580,1690,1120,14880,3890,1210,7730,2910,1630,10610,560,410,1530,1780,6570,950,1470,4190,2250,1170,5230,810
47-4061,Rail-Track Laying and Maintenance Equipment Operators,0.89,200,0,190,140,240,190,0,50,0,420,350,0,0,680,160,0,280,190,550,70,470,260,90,550,150,240,0,170,40,60,170,0,2330,120,0,300,0,170,520,0,120,70,280,1790,0,0,380,150,220,440,120
47-4071,Septic Tank Servicers and Sewer Pipe Cleaners,0.83,240,40,300,130,2010,450,0,100,0,1470,750,110,120,790,630,420,220,190,280,200,210,720,930,730,110,770,260,210,110,110,950,140,1410,980,40,1360,510,360,1320,90,640,110,330,1970,380,80,730,600,130,590,100
47-4091,Segmental Pavers,0.83,0,0,0,0,0,0,0,0,0,590,0,0,0,0,0,0,0,0,0,0,0,0,0,0,0,0,0,0,0,0,0,0,0,0,0,0,0,0,0,0,0,0,0,140,0,0,0,0,0,80,0
47-4799,Construction and Related Workers; All Other,0.71,0,0,0,0,0,0,0,0,0,0,0,0,0,0,0,0,0,0,0,0,0,0,0,0,0,0,0,0,0,0,0,0,0,0,0,0,0,0,0,0,0,0,0,0,0,0,0,0,0,0,0
47-5011,Derrick Operators; Oil and Gas,0.8,0,220,0,120,550,280,0,0,0,0,0,0,0,130,0,0,160,0,410,0,0,0,50,0,0,0,0,0,0,0,0,980,0,0,680,0,1120,0,440,0,0,0,0,4980,170,0,0,0,180,0,320
47-5013,Service Unit Operators; Oil; Gas; and Mining,0.93,150,1620,0,530,2430,1930,0,0,0,30,0,0,0,280,40,0,740,120,2270,0,0,0,350,0,340,0,260,0,0,0,0,1570,0,0,820,740,3350,0,1560,0,0,0,60,20310,560,0,190,0,850,0,1530
47-5021,Earth Drillers; Except Oil and Gas,0.85,200,150,520,40,1760,450,50,0,0,1660,400,0,0,360,350,150,50,250,480,100,460,140,610,560,160,250,140,220,570,130,520,220,460,570,260,440,380,110,930,0,160,100,280,2110,210,0,300,300,260,280,140
47-5051,Rock Splitters; Quarry,0.96,0,0,130,40,50,90,50,0,0,0,90,0,0,110,180,40,40,0,0,0,40,0,0,50,0,200,180,0,0,0,0,0,110,0,0,120,400,0,390,0,0,0,70,190,70,0,240,210,40,80,0
47-5071,Roustabouts; Oil and Gas,0.68,140,570,0,420,3520,2570,0,0,0,0,0,0,0,180,150,0,1180,130,2940,0,0,0,320,0,320,0,390,40,0,0,0,2160,30,0,2960,760,4760,0,1590,0,0,0,0,22840,490,0,0,60,900,0,1390
49-2011,Computer; Automated Teller; and Office Machine Repairers,0.74,2000,170,1400,670,11040,1460,830,390,0,5870,2190,360,620,3650,1750,1300,870,2510,920,440,2130,1710,1890,2870,590,1970,390,430,1020,780,3290,300,6940,3630,300,3360,800,880,4270,470,1370,340,1670,13000,1290,0,3510,2190,530,1600,90
49-2021,Radio; Cellular; and Tower Equipment Installers and Repairs,0.93,420,60,490,50,1400,520,180,50,0,550,500,140,0,500,410,70,140,240,140,70,290,450,200,120,70,360,0,350,120,0,220,50,270,290,60,660,310,280,400,0,200,0,400,1410,80,0,510,690,60,110,80
49-2091,Avionics Technicians,0.7,550,70,700,110,1890,170,120,70,0,2130,1650,110,70,0,200,0,710,0,200,0,0,0,230,110,110,120,0,0,170,0,190,30,180,370,0,430,1000,90,500,0,180,0,170,1890,270,0,170,1140,0,40,0
49-2092,Electric Motor; Power Tool; and Related Repairers,0.76,520,0,380,270,1670,520,140,30,0,750,390,0,230,790,310,70,200,190,400,0,280,190,690,720,190,320,100,0,120,0,450,0,490,470,110,790,150,160,690,0,420,0,240,1820,120,0,530,290,230,330,50
49-2093,Electrical and Electronics Installers and Repairers; Transportation Equipment,0.91,120,40,80,0,2120,0,80,0,0,1010,430,0,0,630,400,40,310,140,150,100,310,0,110,30,120,240,0,0,150,0,640,0,960,230,0,230,40,380,200,0,110,0,350,1480,0,0,660,420,0,140,70
49-2097,Electronic Home Entertainment Equipment Installers and Repairers,0.65,360,50,2020,230,2190,980,230,0,0,2630,880,0,210,1650,650,350,150,370,220,70,230,200,390,590,0,630,0,90,250,240,290,0,1500,650,220,1100,310,470,650,0,210,110,370,1830,220,180,350,210,0,410,70
49-2098,Security and Fire Alarm Systems Installers,0.82,860,80,1740,660,6790,1420,610,150,0,5890,1710,460,250,2230,940,420,370,610,930,260,1930,1380,1190,1080,280,1530,120,370,920,320,2120,360,4710,2690,50,2430,1000,740,2610,270,470,80,1680,7760,820,70,2880,840,220,320,0
49-3011,Aircraft Mechanics and Service Technicians,0.71,2730,1290,5320,610,12680,1710,1050,570,0,12910,8680,1290,530,4210,1390,320,1740,1610,1760,150,2150,1330,2490,1380,1020,1760,470,390,1780,230,2170,430,3080,4280,250,4090,6270,1310,2530,240,1020,390,1310,16800,2070,210,2180,4890,500,780,200
49-3021,Automotive Body and Related Repairers,0.91,2280,270,2560,1330,13710,2680,1640,490,0,9430,4710,530,650,6770,3190,1730,1210,1550,1900,800,2610,3740,5110,2360,1160,3360,530,1410,970,660,3800,930,7150,5050,590,5870,1680,1730,7090,680,1640,640,3530,11020,1530,580,4200,2190,800,3580,240
49-3031,Bus and Truck Mechanics and Diesel Engine Specialists,0.73,4460,870,5090,2820,20590,4430,2170,460,130,10950,7210,960,1610,9010,8120,4030,2550,4000,3100,1250,3890,4410,7440,5970,2370,5120,1280,2550,1690,880,7600,1550,13290,7690,1850,11570,2720,3770,12020,530,3650,960,6950,26320,2860,650,6360,5120,1990,6130,1280
49-3041,Farm Equipment Mechanics and Service Technicians,0.75,460,0,190,800,2460,530,140,150,0,810,750,0,720,1470,1180,2140,1470,860,370,90,300,50,760,1720,610,1200,470,1600,70,0,0,210,570,740,1040,1490,500,680,980,0,230,710,660,2310,200,110,580,840,50,1610,100
49-3043,Rail Car Repairers,0.88,400,0,170,390,1080,390,0,0,0,770,810,0,260,2070,620,0,840,510,350,0,920,0,230,330,190,630,0,910,70,0,530,0,1400,210,0,570,160,200,700,0,60,0,210,1940,380,0,330,400,0,130,230
49-3051,Motorboat Mechanics and Service Technicians,0.66,260,140,270,180,1040,190,370,150,0,3170,340,30,100,450,270,150,170,330,150,220,650,820,1130,410,150,320,80,110,0,150,490,0,1260,720,130,380,200,180,270,140,510,70,470,1350,230,90,420,790,0,620,0
49-3052,Motorcycle Mechanics,0.79,240,60,290,170,1410,460,120,0,0,1300,390,0,140,520,320,520,200,240,300,120,140,120,480,220,80,370,180,70,150,200,270,80,650,490,70,660,220,220,770,0,270,120,300,1310,240,0,320,340,160,460,90
49-3053,Outdoor Power Equipment and Other Small Engine Mechanics,0.93,720,60,650,400,2140,580,890,210,0,2630,640,130,250,680,790,600,310,530,270,380,660,500,1160,690,230,730,150,150,100,340,920,170,1480,830,140,1180,520,570,1340,0,630,310,930,3010,250,210,970,480,400,1020,60
49-3091,Bicycle Repairers,0.94,0,0,270,0,2150,610,160,0,170,470,0,0,230,0,0,0,160,0,0,0,130,320,600,0,0,150,130,0,0,180,150,40,370,600,0,400,70,400,930,0,90,0,0,420,140,0,440,200,0,390,0
49-3093,Tire Repairers and Changers,0.7,2940,290,3070,1290,10160,2830,900,150,0,7560,2300,230,1020,3120,3080,1320,1280,1260,2770,0,1640,1270,3180,1530,1300,3040,970,970,960,400,4030,920,2200,3120,490,3810,1430,1680,3760,140,1690,290,3600,11980,1490,110,1930,2930,860,960,480
49-9011,Mechanical Door Repairers,0.91,0,0,220,120,2340,830,230,0,0,1400,480,0,0,220,450,220,300,230,0,0,180,520,330,460,0,0,310,100,110,200,620,100,0,530,0,1130,860,140,800,0,310,0,280,1660,460,0,460,340,120,620,0
49-9021,Heating; Air Conditioning; and Refrigeration Mechanics and Installers,0.65,5190,300,6590,2790,25360,4880,3840,1860,330,28700,9220,800,1880,6640,5760,4300,2200,3800,4130,1870,5930,8090,8170,2770,1870,5520,920,1990,1770,1850,10110,1200,15930,11770,970,10770,3320,2430,13160,650,5530,990,7570,24300,3260,890,10720,4070,1790,5490,480
49-9031,Home Appliance Repairers,0.72,260,50,610,160,2980,670,330,110,0,2680,420,90,400,2120,490,720,180,210,200,130,540,530,1210,560,190,760,120,380,230,140,1280,140,3340,640,170,1780,450,660,1130,0,290,150,430,2110,430,70,0,1030,110,590,60
49-9041,Industrial Machinery Mechanics,0.67,10510,560,3590,5040,23620,4980,2350,900,80,12160,11510,710,1550,12160,12730,6660,4610,8620,7230,1380,3290,3620,18780,6870,4320,4000,700,2670,1360,2160,6850,2240,9850,10690,1160,19200,4210,4390,14860,570,7930,1230,8560,30390,3220,610,8920,6070,2780,9830,2200
49-9043,Maintenance Workers; Machinery,0.86,790,370,1320,840,7270,600,1170,0,160,1460,2930,160,550,4500,2040,660,1030,1510,2830,230,970,1600,1910,720,1270,3250,150,530,350,220,1000,130,3410,4130,940,2470,2810,810,8120,150,1690,70,4270,10490,1050,80,1550,1490,340,2760,420
49-9045,Refractory Materials Repairers; Except Brickmasons,0.82,100,0,0,0,0,0,0,0,0,0,0,0,0,0,190,0,0,0,0,0,0,0,40,0,0,30,0,0,0,0,0,0,100,0,0,0,40,40,170,0,0,0,150,140,0,0,50,0,0,0,0
49-9061,Camera and Photographic Equipment Repairers,0.97,0,0,180,0,700,0,80,0,0,0,70,0,0,460,70,0,0,0,0,0,90,0,80,0,0,0,0,0,0,0,120,0,170,0,0,0,0,0,60,0,0,0,0,0,40,0,0,0,0,0,0
49-9063,Musical Instrument Repairers and Tuners,0.91,130,0,190,30,600,0,100,0,0,340,0,0,0,610,170,130,120,0,0,0,250,130,0,120,0,220,0,0,0,0,150,0,580,100,0,370,0,80,650,0,0,0,120,670,0,0,150,330,0,260,0
49-9064,Watch Repairers,0.99,0,0,0,0,240,100,0,0,0,140,40,0,0,0,0,40,0,0,0,0,0,0,50,0,0,0,0,0,0,0,160,0,140,0,0,140,0,0,0,0,0,0,0,0,0,0,40,0,0,0,0
49-9071,Maintenance and Repair Workers; General,0.64,13740,4320,24320,12000,120570,22020,10510,3530,4820,83440,43310,7190,5900,58940,33090,14430,13490,19270,26770,4630,21890,23410,41710,22170,12300,30930,4590,8690,14120,4380,31180,8470,102010,40760,3890,53720,15360,14610,57500,4070,25690,2690,29710,110920,11150,2720,32020,31340,10200,30430,3560
49-9091,Coin; Vending; and Amusement Machine Servicers and Repairers,0.94,540,0,620,270,2910,520,370,160,0,1850,1130,0,200,1330,1320,400,330,480,590,110,390,570,860,620,510,1070,0,60,1470,0,1010,340,1700,1150,90,2270,760,240,970,0,410,170,740,1820,270,40,510,560,150,930,80
49-9093,Fabric Menders; Except Garment,0.96,0,0,0,0,110,0,0,0,0,0,100,0,0,0,0,0,0,0,0,0,0,0,0,0,0,0,0,0,0,0,0,0,0,70,0,0,0,0,0,0,30,0,0,0,0,0,0,0,0,0,0
49-9094,Locksmiths and Safe Repairers,0.77,290,0,190,80,2240,370,100,120,40,1890,520,0,60,600,240,150,210,180,280,0,410,380,440,260,160,230,60,90,240,60,1010,150,1110,400,70,490,140,320,460,60,390,0,250,2330,140,30,590,330,40,230,0
49-9096,Riggers,0.89,150,40,80,50,1760,90,230,0,50,850,170,170,0,380,330,0,50,460,4270,300,270,340,380,180,130,50,0,60,240,0,120,40,200,280,0,390,340,190,460,70,430,0,210,4100,150,0,1290,990,50,110,0
49-9097,Signal and Track Switch Repairers,0.9,0,0,0,160,600,120,0,0,0,0,130,0,0,730,80,0,0,120,120,0,0,180,0,560,0,190,0,290,0,0,0,0,1060,0,0,0,0,0,180,0,0,0,80,810,160,0,0,110,0,230,0
49-9098,HelpersInstallation; Maintenance; and Repair Workers,0.79,3540,510,2560,1090,13530,1020,880,480,310,5820,3280,650,730,3050,2220,770,900,1520,3940,360,3230,1680,2240,1890,1820,840,280,350,1020,540,4040,1240,4970,4230,520,2130,2160,1400,4700,390,2100,0,2980,16970,1190,160,4200,1800,850,1330,320
51-2011,Aircraft Structure; Surfaces; Rigging; and Systems Assemblers,0.79,1550,0,660,430,3270,90,1180,0,0,1740,2810,0,110,210,0,0,0,0,0,0,0,80,0,0,0,0,0,0,0,0,50,0,150,0,0,510,1030,80,0,0,0,0,0,3310,170,0,0,0,260,0,0
51-2021,Coil Winders; Tapers; and Finishers,0.73,380,0,80,500,1260,0,320,0,0,390,630,0,0,1010,300,0,160,260,40,90,0,130,180,180,300,760,0,0,0,70,230,0,510,1010,0,670,280,100,430,0,160,130,610,690,60,30,0,180,210,1180,0
51-2022,Electrical and Electronic Equipment Assemblers,0.95,2760,0,5010,1100,33500,3200,3370,290,0,9930,3850,0,0,6920,6320,3320,1360,1710,170,460,2980,5560,10020,8100,1890,4480,200,570,770,2190,4910,180,10530,6150,660,9980,2380,3680,14580,560,2060,1420,3660,16190,1950,130,3400,4370,570,9980,100
51-2023,Electromechanical Equipment Assemblers,0.97,430,0,320,50,5860,2210,840,50,0,1370,150,0,0,790,800,0,70,100,0,0,340,1820,320,2600,0,0,0,40,90,1220,1740,80,1390,730,0,2060,790,440,2180,100,160,70,960,8300,70,70,1230,460,60,2250,0
51-2031,Engine and Other Machine Assemblers,0.82,1530,0,310,200,1470,0,190,0,0,160,380,0,0,2050,0,940,90,800,80,0,110,70,4850,290,380,990,0,160,0,200,210,0,420,850,250,6640,370,110,1200,0,940,610,1280,2190,120,50,350,860,0,760,0
51-2091,Fiberglass Laminators and Fabricators,0.93,720,40,40,390,1290,0,0,0,0,2220,660,0,110,390,2210,320,0,0,260,340,80,390,470,230,0,430,0,0,0,0,600,0,230,520,0,440,0,230,220,100,680,760,510,1780,110,0,120,980,0,440,0
51-2092,Team Assemblers,0.97,35410,240,9220,12420,83860,3790,9740,730,0,39160,48540,470,6000,43730,82450,19480,14110,46840,5300,2450,3630,15130,105140,23300,19710,23380,990,8900,4740,4370,5450,1390,39100,46310,2460,41740,9920,4990,37170,3060,44460,3300,62800,47930,12350,1370,16340,14620,2990,41480,290
51-2093,Timing Device Assemblers and Adjusters,0.98,0,0,0,0,60,0,0,0,0,0,0,0,0,70,0,0,0,0,0,0,0,0,0,0,0,0,0,0,0,0,0,0,0,0,0,0,0,0,0,0,0,0,0,0,0,0,0,0,0,0,0
51-3011,Bakers,0.89,1780,230,2750,1050,30330,3660,1450,410,290,12340,5060,1420,820,7390,3300,1790,1420,1140,1460,1220,3560,3800,5420,2900,840,2880,800,1050,2110,890,5870,1030,10180,4250,610,6080,1910,2590,9220,690,2060,320,3020,13050,2030,680,3010,5270,900,3810,310
51-3021,Butchers and Meat Cutters,0.93,1620,290,2000,1440,19080,2310,760,310,290,9650,4470,580,1010,7650,2500,3040,900,1570,2110,600,1550,1970,3690,2310,1240,2780,740,990,1370,500,3640,900,5090,4360,500,4960,1680,1870,5400,430,2000,710,2840,9650,1010,200,2840,3630,650,1980,270
51-3022,Meat; Poultry; and Fish Cutters and Trimmers,0.94,11390,3240,610,7050,8180,0,150,4270,0,4200,10420,570,0,3060,3760,3980,4080,1230,2750,1030,600,2070,1330,4280,7610,4140,60,9860,310,90,1630,120,2930,8750,0,2170,830,840,2140,270,2930,1910,2490,8040,530,230,4380,3550,0,2470,70
51-3091,Food and Tobacco Roasting; Baking; and Drying Machine Operators and Tenders,0.91,280,50,70,150,2240,520,0,0,0,460,610,120,570,490,370,320,0,730,60,80,0,360,590,350,0,810,80,150,120,50,450,0,520,1240,120,810,0,310,550,110,110,150,230,1890,270,180,0,260,0,1310,0
51-3092,Food Batchmakers,0.7,1110,180,1490,1800,17180,2180,1090,210,0,4470,3350,590,1250,8640,3070,4040,970,2330,810,630,1660,3110,4200,4580,0,5650,230,1660,1150,350,2910,1110,7840,2400,240,5950,1000,2880,7220,380,3110,470,5100,8590,2930,490,3310,3420,50,10020,90
51-4011,Computer-Controlled Machine Tool Operators; Metal and Plastic,0.86,2110,0,1010,1160,11430,910,2290,70,0,1800,2020,0,590,4220,7320,2640,1840,1560,800,740,710,2750,10220,4560,700,4570,140,1110,0,1960,3100,120,4620,5230,200,13490,2820,2170,11030,430,2880,400,2160,11150,1220,1150,1460,1660,190,10560,0
51-4021,Extruding and Drawing Machine Setters; Operators; and Tenders; Metal and Plastic,0.91,2270,0,690,970,3770,720,1430,250,0,1610,2700,0,0,1790,5150,740,550,1930,370,190,470,1340,2800,1700,330,2330,0,240,570,790,1430,140,1250,4320,0,6480,730,780,4940,0,2280,230,1980,5210,460,180,1110,900,330,2740,0
51-4022,Forging Machine Setters; Operators; and Tenders; Metal and Plastic,0.93,600,0,60,120,1740,160,130,0,0,120,550,0,0,810,1880,230,220,480,0,0,0,690,1380,280,90,350,0,0,0,80,220,0,280,930,0,1010,140,180,1040,0,240,80,1980,1750,0,0,0,0,0,470,0
51-4023,Rolling Machine Setters; Operators; and Tenders; Metal and Plastic,0.83,700,0,110,0,2250,190,380,70,0,130,640,0,0,690,4290,250,170,1670,250,0,190,510,2690,840,380,290,0,320,0,70,440,0,430,580,0,2680,500,160,1760,30,1460,70,710,950,200,0,480,490,100,510,0
51-4031,Cutting; Punching; and Press Machine Setters; Operators; and Tenders; Metal and Plastic,0.78,5680,70,1840,2770,14300,1160,2050,220,0,3830,4120,0,0,9570,11610,2840,1710,7050,700,280,700,2600,18430,8570,1680,3100,170,660,970,500,3970,200,4200,6860,160,17760,2740,1450,8550,630,2800,960,6560,12810,940,200,2240,2240,590,9170,0
51-4032,Drilling and Boring Machine Tool Setters; Operators; and Tenders; Metal and Plastic,0.94,0,0,0,100,1650,160,260,0,0,210,160,0,0,800,500,140,240,180,200,0,70,240,920,400,70,230,0,70,120,60,210,0,440,280,60,660,380,200,430,60,170,70,240,800,0,0,260,70,0,330,0
51-4033,Grinding; Lapping; Polishing; and Buffing Machine Tool Setters; Operators; and Tenders; Metal and Plastic,0.95,1330,0,1090,530,8500,740,1340,0,0,1840,1140,0,80,3480,4280,930,1080,910,170,290,240,1450,4680,2090,840,1890,140,310,230,730,1090,110,2070,2020,270,6880,830,1670,3830,480,1490,150,1840,3850,530,160,790,1100,190,4810,30
51-4034,Lathe and Turning Machine Tool Setters; Operators; and Tenders; Metal and Plastic,0.84,530,0,210,360,4330,100,1420,0,0,430,740,0,30,2570,1780,250,250,340,190,90,220,880,2710,270,80,610,0,130,130,110,490,0,1400,1110,0,1740,620,150,1790,0,410,0,810,4250,90,50,210,340,80,1250,0
51-4035,Milling and Planing Machine Setters; Operators; and Tenders; Metal and Plastic,0.98,300,0,490,90,2440,190,250,0,0,220,0,0,50,1030,360,220,240,340,50,40,60,570,1150,370,90,450,0,90,60,70,500,0,540,610,0,1380,180,140,1010,30,150,0,490,1620,70,80,290,350,50,300,0
51-4041,Machinists,0.65,6410,220,5910,2680,34860,4250,7660,420,140,9680,7310,260,1340,33940,17420,4150,4420,6140,5030,1360,3110,7660,26540,12820,1940,6500,400,4000,620,2170,4490,680,13890,10720,700,27560,5540,3600,19120,1490,10910,960,7580,26450,3400,600,6460,9970,1840,15210,580
51-4051,Metal-Refining Furnace Operators and Tenders,0.88,1200,0,0,230,390,100,50,0,0,300,90,0,0,680,2050,200,0,550,0,0,0,160,1020,240,80,270,0,50,110,50,150,0,530,830,0,1200,260,240,1640,120,430,0,460,580,620,0,190,590,0,640,0
51-4052,Pourers and Casters; Metal,0.87,490,0,0,100,410,60,0,0,0,80,100,0,0,310,510,210,40,360,0,0,0,40,300,260,0,480,0,0,0,0,130,0,340,220,0,600,0,160,1050,0,60,0,70,610,110,0,0,340,40,580,0
51-4061,Model Makers; Metal and Plastic,0.93,0,0,0,0,440,50,100,0,0,130,30,0,0,290,150,90,0,50,0,0,0,130,1190,280,40,50,0,0,0,0,140,0,230,130,0,460,0,0,180,0,400,0,670,200,60,0,30,110,0,200,0
51-4062,Patternmakers; Metal and Plastic,0.9,120,0,0,0,280,0,0,0,0,330,40,0,0,170,250,80,60,0,0,0,0,0,300,40,0,0,0,0,0,0,0,0,70,60,0,360,70,190,210,0,0,0,30,210,0,0,0,40,0,260,0
51-4071,Foundry Mold and Coremakers,0.67,130,0,130,60,670,0,120,0,0,110,0,0,0,430,590,400,160,0,0,0,40,170,1160,260,230,220,0,90,0,190,310,0,210,240,0,1870,190,340,530,0,140,0,300,520,200,0,0,180,0,1880,0
51-4072,Molding; Coremaking; and Casting Machine Setters; Operators; and Tenders; Metal and Plastic,0.95,2630,0,1300,2050,8390,1610,1330,0,0,3240,4110,150,220,5200,15510,2530,1320,2920,380,260,560,2010,14120,2690,620,3520,350,790,430,1640,1250,260,3270,7500,90,15910,940,1320,5040,540,2180,480,3250,7360,1790,140,2690,2430,710,8330,60
51-4081,Multiple Machine Tool Setters; Operators; and Tenders; Metal and Plastic,0.91,3370,0,1040,1690,5130,0,3530,0,0,610,1560,0,0,8540,3070,3900,1460,2270,200,190,390,2340,8080,1620,430,2450,0,1060,100,880,1360,70,2630,3770,390,13950,2910,1040,8450,610,2250,210,0,8830,1670,0,1330,770,220,7580,0
51-4111,Tool and Die Makers,0.84,760,0,470,480,3360,430,2030,0,0,920,1000,0,40,5260,4280,1050,990,1860,270,60,230,1050,12810,1600,350,1880,0,550,80,330,1020,30,2540,1630,0,7860,430,280,4260,280,1300,160,2640,1920,200,130,610,1260,80,3410,0
51-4121,Welders; Cutters; Solderers; and Brazers,0.94,9810,770,5230,4800,27440,4910,2240,420,50,12840,10750,610,2780,13080,14040,8590,5650,7640,15540,1710,2400,3050,12080,9290,6280,8120,1290,4100,1660,880,4090,1800,9170,9050,2200,17280,9580,4120,15820,1530,6630,3020,6830,53790,4670,350,7270,8060,2430,14970,2010
51-4191,Heat Treating Equipment Setters; Operators; and Tenders; Metal and Plastic,0.91,270,0,180,420,1370,80,300,0,0,170,440,0,0,1540,1770,270,190,230,180,0,0,340,1660,380,170,250,0,40,0,130,200,0,740,550,0,1680,230,240,1470,50,450,0,410,1760,150,0,130,170,80,630,0
51-4192,Layout Workers; Metal and Plastic,0.84,680,0,130,60,690,30,0,0,0,110,170,0,0,40,250,80,770,50,380,250,0,40,190,140,0,210,0,0,0,0,50,0,110,70,0,150,0,50,250,0,0,0,180,580,60,0,550,590,0,60,0
51-4193,Plating and Coating Machine Setters; Operators; and Tenders; Metal and Plastic,0.92,650,0,450,210,5060,320,800,40,0,810,440,0,110,2250,2010,300,90,380,0,150,130,1110,2120,1390,0,810,0,530,80,90,470,60,1330,860,40,2430,470,480,1750,240,360,0,510,2380,200,40,510,490,210,1570,0
51-4194,Tool Grinders; Filers; and Sharpeners,0.88,330,0,110,170,1290,0,140,0,0,0,130,0,100,400,230,70,0,190,120,80,30,190,730,170,80,230,60,40,0,50,0,0,370,310,0,760,260,590,330,0,90,40,140,220,0,80,150,380,30,390,0
51-5111,Prepress Technicians and Workers,0.97,290,0,350,230,3220,550,380,30,0,1190,760,110,120,1460,940,450,550,450,230,60,770,910,1050,1810,130,1110,70,290,430,100,1410,150,2120,680,60,1760,0,290,1710,130,250,130,610,1950,380,50,730,440,190,1720,0
51-5112,Printing Press Operators,0.83,2310,130,2090,1470,15340,2390,1900,300,550,8630,5850,300,560,9360,4490,2170,2730,3080,1460,350,2380,4040,4810,6320,770,5600,280,1720,1230,1000,4560,410,8960,4820,370,8650,1090,1790,9260,630,2230,740,4690,10350,1560,270,4830,2440,510,8010,150
51-5113,Print Binding and Finishing Workers,0.95,310,60,1170,260,4320,620,680,50,240,1770,1040,0,120,2490,2100,740,1050,1080,330,180,960,1050,1620,3700,130,1950,170,210,450,110,1790,40,1680,870,160,2830,200,650,3980,200,500,130,1000,2730,1070,0,1010,750,110,3880,50
51-6011,Laundry and Dry-Cleaning Workers,0.71,2930,400,4630,1700,18580,3060,2220,730,400,18970,6590,1710,800,9540,4130,2270,2100,2470,3280,920,4610,5330,6250,3030,1630,4610,710,1290,3770,930,6850,1330,15600,4290,820,6430,2440,1870,7950,970,3190,1020,4480,15060,1750,490,5070,3130,1120,3650,630
51-6021,Pressers; Textile; Garment; and Related Materials,0.81,740,0,670,380,6960,640,680,40,110,3360,1500,570,120,890,540,210,370,520,380,0,570,1010,670,850,480,510,70,90,570,240,1350,250,2320,1740,0,2180,580,430,1190,280,920,50,740,6140,140,0,1420,840,110,470,50
51-6031,Sewing Machine Operators,0.89,3040,40,1600,1000,27850,1700,1000,130,40,7430,4770,390,560,3350,3640,860,750,2640,690,690,930,2600,3290,2160,3800,2090,290,380,650,510,3850,190,11530,9470,160,3020,760,1340,4220,280,3210,280,3620,8060,890,170,2420,4320,170,2550,130
51-6042,Shoe Machine Operators and Tenders,0.97,0,0,0,0,120,0,0,0,0,50,40,0,0,0,0,0,0,0,0,0,0,80,0,0,0,0,0,0,0,0,0,0,0,0,0,0,0,140,0,0,0,0,0,0,0,0,0,0,0,0,0
51-6051,Sewers; Hand,0.99,110,0,0,0,1820,0,0,0,0,0,0,0,0,0,130,0,70,0,90,0,0,200,140,50,0,0,0,40,0,0,260,30,990,150,0,50,0,0,80,0,0,0,0,880,0,0,50,30,0,0,0
51-6052,Tailors; Dressmakers; and Custom Sewers,0.84,260,0,200,130,2220,70,340,50,290,740,420,100,80,700,550,250,140,320,300,0,400,410,1210,0,0,240,40,70,260,60,350,0,1650,540,0,0,0,200,530,0,290,0,370,2220,300,0,990,1990,0,400,0
51-6061,Textile Bleaching and Dyeing Machine Operators and Tenders,0.97,330,0,0,0,2390,0,0,0,0,110,2140,0,0,180,0,0,40,0,0,60,0,440,0,0,0,0,0,0,0,80,120,0,90,2200,0,0,0,0,260,0,1020,0,50,160,0,0,220,0,0,60,0
51-6062,Textile Cutting Machine Setters; Operators; and Tenders,0.95,280,0,420,0,2550,50,60,0,0,300,1380,0,0,270,400,30,70,110,100,0,220,310,370,160,690,0,0,40,0,100,510,0,600,960,0,250,0,130,450,190,730,0,390,1270,180,0,340,150,0,260,0
51-6063,Textile Knitting and Weaving Machine Setters; Operators; and Tenders,0.73,870,0,0,140,1250,0,0,0,0,220,4750,0,0,0,0,0,0,210,0,250,0,320,30,50,150,0,0,0,0,70,250,0,790,4420,0,170,0,0,830,0,3380,0,460,650,50,0,910,80,0,220,0
51-6064,Textile Winding; Twisting; and Drawing Out Machine Setters; Operators; and Tenders,0.96,2490,0,0,0,340,0,0,0,0,110,10690,0,0,0,80,0,0,0,0,200,0,330,0,70,0,0,0,0,0,0,140,0,310,7930,0,60,0,0,660,130,3230,0,370,310,0,0,1270,270,0,0,0
51-6091,Extruding and Forming Machine Setters; Operators; and Tenders; Synthetic and Glass Fibers,0.88,340,0,0,0,1550,0,40,0,0,380,3120,0,0,880,410,0,310,280,0,90,0,150,0,50,340,30,0,0,0,150,40,0,0,2490,0,720,310,40,240,50,1970,0,660,920,60,0,720,410,250,480,0
51-7011,Cabinetmakers and Bench Carpenters,0.92,2380,90,1810,1420,10810,1950,1040,230,80,4340,2260,170,960,2630,3850,1690,880,960,470,640,950,1640,1680,2600,670,2460,660,710,1010,480,2240,260,3540,3720,520,4240,950,1990,4950,450,1250,790,1640,9500,2250,350,2950,2130,370,2200,170
51-7021,Furniture Finishers,0.87,180,0,280,230,1490,390,180,0,0,900,220,0,120,550,1520,420,210,240,0,60,240,180,680,440,140,100,0,70,110,0,330,0,870,1140,70,1020,120,100,1410,0,130,0,180,1220,250,160,390,410,50,390,0
51-7031,Model Makers; Wood,0.96,0,0,0,0,0,0,0,0,0,0,0,0,0,0,0,0,0,0,0,0,0,0,0,0,0,0,0,0,0,0,0,0,40,100,0,0,0,0,0,0,40,0,100,0,0,0,0,0,0,0,0
51-7032,Patternmakers; Wood,0.91,0,0,0,0,70,0,0,0,0,0,0,0,0,0,0,0,0,0,0,0,0,0,110,0,0,0,0,0,0,0,0,0,0,30,0,0,30,0,50,0,0,0,0,80,0,0,0,0,0,0,0
51-7041,Sawing Machine Setters; Operators; and Tenders; Wood,0.86,2870,50,660,1280,3340,500,140,0,0,1110,2280,0,1210,930,1690,350,170,1670,430,720,180,300,1180,1170,1510,1590,280,70,60,230,210,70,980,2990,0,1120,430,2510,3730,0,1060,370,1590,2100,160,240,2240,1810,820,2040,90
51-7042,Woodworking Machine Setters; Operators; and Tenders; Except Sawing,0.97,2090,0,630,1030,4270,480,320,70,0,2560,2900,60,510,1130,4470,1930,830,1450,300,710,280,590,2640,2010,1780,1140,500,470,140,610,390,200,2210,7330,80,4530,350,2150,4210,190,1280,690,1820,3780,770,500,1930,2300,490,4940,50
51-8011,Nuclear Power Reactor Operators,0.95,0,0,0,0,0,0,0,0,0,0,0,0,360,340,0,0,0,0,420,0,0,0,0,0,0,0,0,0,0,0,0,0,0,400,0,0,0,0,400,0,660,0,520,0,0,0,0,0,0,0,0
51-8012,Power Distributors and Dispatchers,0.64,440,60,180,260,1080,180,200,90,0,340,320,40,110,590,210,120,70,150,0,0,120,170,280,200,190,200,90,180,0,60,260,140,270,180,0,820,150,290,560,0,0,0,120,860,140,0,470,380,350,90,70
51-8013,Power Plant Operators,0.85,820,560,0,290,3200,700,240,0,0,1680,870,240,230,1170,810,550,560,560,480,190,360,720,1960,700,510,1000,220,360,600,170,690,200,1940,880,350,1180,450,360,1670,50,380,40,520,2950,370,110,570,420,590,700,350
51-8021,Stationary Engineers and Boiler Operators,0.89,320,110,330,280,3790,710,230,40,750,450,590,70,150,3180,550,300,90,390,280,320,790,900,820,1140,290,470,190,500,60,120,1770,100,4030,470,190,1040,290,460,2040,100,190,120,660,1770,150,60,720,650,150,460,80
51-8091,Chemical Plant and System Operators,0.85,900,0,370,250,1090,110,0,90,0,640,1340,0,260,1130,780,870,140,460,4550,0,370,350,840,420,730,840,0,0,0,0,610,0,740,730,150,2620,0,160,1060,0,1070,60,580,5090,0,0,0,640,430,0,290
51-8092,Gas Plant Operators,0.78,270,120,0,0,1470,460,0,50,0,110,60,0,0,970,200,150,330,300,770,0,360,0,960,220,0,220,100,150,0,0,0,260,260,150,770,440,800,100,1050,0,270,0,200,2780,130,0,360,70,330,70,590
51-8093,Petroleum Pump System Operators; Refinery Operators; and Gaugers,0.71,360,490,0,690,4700,490,0,0,0,230,320,370,0,850,0,70,1030,0,6080,0,220,0,450,490,0,280,510,0,80,0,330,990,230,130,680,1430,1810,80,1430,50,70,0,210,10570,800,0,120,1090,180,70,870
51-8099,Plant and System Operators; All Other,0.86,70,140,600,90,980,0,0,0,0,610,260,120,50,200,150,330,0,280,1340,100,290,180,190,260,0,70,120,40,60,60,330,150,100,60,90,470,170,280,240,0,110,30,420,800,70,0,120,280,0,200,240
51-9011,Chemical Equipment Operators and Tenders,0.76,2650,0,320,1270,2350,800,580,650,0,1620,1710,0,370,1700,1430,590,620,1930,1380,70,870,1050,2480,450,600,2090,0,560,100,310,3240,90,1930,3500,0,5590,950,150,4540,90,2170,370,2730,14760,670,0,1240,730,1170,1290,80
51-9012,Separating; Filtering; Clarifying; Precipitating; and Still Machine Setters; Operators; and Tenders,0.88,260,210,580,640,8850,1660,350,60,0,1380,1140,70,520,610,690,770,200,600,320,310,480,1030,1440,740,400,1260,230,390,590,260,1050,340,1800,2650,230,1870,160,1080,2420,60,400,200,690,2490,0,110,0,1230,50,2010,310
51-9021,Crushing; Grinding; and Polishing Machine Setters; Operators; and Tenders,0.97,920,0,510,400,2900,630,470,40,0,1000,760,0,120,0,1080,1030,330,870,530,120,340,610,570,910,180,440,230,300,470,210,850,100,990,620,210,1180,500,680,1350,0,290,190,580,2420,270,190,680,420,160,1060,140
51-9022,Grinding and Polishing Workers; Hand,0.97,1020,0,170,320,4750,150,420,0,0,570,550,70,120,810,1190,190,300,380,220,80,120,600,1690,580,290,0,0,80,120,210,750,90,1400,1140,0,850,360,460,970,150,260,70,300,1610,230,130,460,450,80,710,0
51-9023,Mixing and Blending Machine Setters; Operators; and Tenders,0.83,2370,70,1430,1900,14650,850,950,0,0,5100,5000,70,390,6140,4740,2830,1810,2130,1670,330,1070,2350,4620,1800,950,2930,220,1410,530,320,4560,280,6900,5670,250,7640,1110,1130,6030,390,2170,250,3080,9340,2300,270,1930,1450,1130,5460,210
51-9031,Cutters and Trimmers; Hand,0.64,400,0,0,0,2770,110,60,0,0,190,540,50,30,490,390,60,190,70,50,30,90,210,230,370,340,140,0,120,0,0,360,0,850,1040,0,300,120,260,180,0,150,70,410,730,470,80,130,0,50,590,0
51-9032,Cutting and Slicing Machine Setters; Operators; and Tenders,0.86,1200,0,470,1370,4820,620,790,190,0,1630,2730,100,200,2520,1810,1090,570,950,510,400,300,1170,1970,2410,460,900,80,610,350,270,1980,120,2340,3390,100,3740,1140,690,2350,210,1220,600,1740,3970,540,300,0,1740,0,3190,0
51-9041,Extruding; Forming; Pressing; and Compacting Machine Setters; Operators; and Tenders,0.93,2540,0,680,960,4720,700,350,110,0,1860,2340,110,80,1610,2940,720,1060,1350,710,360,360,1500,2280,1360,510,1460,80,1360,310,580,3190,70,2800,3140,0,6880,0,1020,2620,130,1680,560,2590,5710,520,210,2040,980,290,1690,0
51-9061,Inspectors; Testers; Sorters; Samplers; and Weighers,0.98,10690,610,7350,5970,54840,4810,8140,940,70,13940,16070,570,1630,23710,19220,6290,5990,11700,9350,1300,4440,8930,26900,9240,4310,9340,470,4540,2550,3430,11210,1480,21300,19310,1280,31040,4990,5460,20500,1270,11850,730,13840,51360,5920,890,9120,11860,2620,14770,810
51-9071,Jewelers and Precious Stone and Metal Workers,0.95,330,0,440,160,3070,410,0,0,0,1070,430,230,50,820,340,190,170,140,570,120,370,480,560,230,60,240,60,140,130,90,820,470,5800,420,80,810,180,230,720,650,270,110,120,2970,350,200,0,320,60,340,0
51-9081,Dental Laboratory Technicians,0.97,890,60,1170,480,4660,630,570,0,50,3020,1300,120,360,1150,860,510,540,330,600,80,360,880,1300,720,210,770,160,270,270,120,710,90,2150,1160,100,970,300,570,1310,110,400,130,480,2260,800,170,950,910,140,710,0
51-9083,Ophthalmic Laboratory Technicians,0.97,90,0,140,340,2200,700,340,0,0,3030,580,0,0,1960,380,280,280,160,440,40,670,340,1070,1520,250,0,150,110,130,170,320,130,3180,390,0,950,350,390,1130,170,260,70,660,2610,270,50,630,360,60,510,0
51-9111,Packaging and Filling Machine Operators and Tenders,0.98,3510,460,3160,4020,50440,5530,2730,730,0,15330,16090,720,2550,20000,9080,6230,6160,8880,1910,1960,4580,8470,14700,10200,3060,7400,660,4080,1230,1180,14520,1110,15110,16190,760,17460,2840,5230,18800,700,6500,850,9630,22220,4590,1500,6560,7450,2400,16790,250
51-9121,Coating; Painting; and Spraying Machine Setters; Operators; and Tenders,0.91,1910,0,900,940,6350,1120,910,70,0,2620,2090,40,230,2430,3900,2340,1360,1610,750,480,340,2100,3620,2770,660,1250,100,850,190,480,1800,110,2000,3380,260,6320,1550,1220,3660,200,1370,820,2370,8580,820,230,1310,1430,380,5380,100
51-9122,Painters; Transportation Equipment,0.69,1130,40,990,970,6920,950,550,190,0,3030,1990,210,280,2230,2310,660,550,440,950,300,420,640,1410,1140,430,1360,160,270,300,70,1000,180,1580,1630,180,2540,580,1040,2120,360,800,140,510,5070,470,40,2120,2420,100,980,110
51-9123,Painting; Coating; and Decorating Workers,0.92,680,0,160,140,1640,300,170,0,0,530,230,0,70,220,590,280,170,560,120,60,200,330,800,490,280,810,0,0,130,0,730,60,690,460,0,0,160,0,560,50,390,70,200,1270,80,0,210,350,110,100,0
51-9141,Semiconductor Processors,0.88,0,0,0,0,4120,1270,0,0,0,240,110,0,0,0,0,0,0,0,0,0,0,590,0,80,0,330,0,0,0,60,400,320,420,0,0,680,0,0,440,0,0,0,0,4700,50,0,0,1180,0,0,0
51-9151,Photographic Process Workers and Processing Machine Operators,0.99,260,120,330,0,3520,260,260,70,70,1960,840,200,120,820,420,290,160,240,220,0,400,470,630,450,120,800,90,110,180,120,810,130,1660,770,90,950,440,240,1260,160,270,80,1930,1150,320,0,1330,390,80,570,40
51-9191,Adhesive Bonding Machine Operators and Tenders,0.95,250,0,0,370,1210,110,70,50,0,170,760,0,0,430,760,90,250,1040,370,270,100,770,290,280,350,280,0,40,0,100,240,0,350,1040,0,900,0,600,780,0,120,0,420,940,0,0,1320,670,110,290,0
51-9192,Cleaning; Washing; and Metal Pickling Equipment Operators and Tenders,0.81,330,0,180,310,2980,100,190,160,0,580,350,40,90,540,1120,230,200,170,90,0,170,350,880,210,80,340,0,0,0,160,450,0,400,320,0,1070,410,200,970,0,420,80,680,0,190,0,270,780,90,150,0
51-9193,Cooling and Freezing Equipment Operators and Tenders,0.93,200,0,50,670,540,50,0,0,0,230,330,0,0,380,110,410,60,130,0,0,50,70,0,250,480,590,0,130,0,90,210,0,160,220,0,220,80,80,520,0,50,0,50,790,0,120,120,90,0,80,0
51-9194,Etchers and Engravers,0.98,50,0,190,0,880,140,140,30,0,270,370,0,0,470,250,90,0,190,60,0,60,390,350,590,120,280,0,70,100,100,190,0,290,120,30,520,50,310,270,70,0,60,70,1040,120,0,250,0,50,380,50
51-9195,Molders; Shapers; and Casters; Except Metal and Plastic,0.9,490,40,230,370,4940,500,140,80,0,2370,840,100,130,1610,1030,640,700,540,170,140,450,1270,1520,650,410,1000,130,200,370,320,940,70,1180,820,40,2370,1100,420,2150,60,610,0,1000,3180,840,0,950,590,230,1380,0
51-9196,Paper Goods Machine Setters; Operators; and Tenders,0.67,2360,0,490,1620,5920,420,750,160,0,2680,4410,0,360,3310,2380,920,510,2350,640,0,830,1080,3370,1890,650,2700,0,410,380,200,3190,0,4770,4910,0,4110,1690,1020,6600,170,3940,160,2020,5510,410,330,2490,1730,120,8660,0
51-9197,Tire Builders,0.94,2250,0,0,580,210,0,0,0,0,170,1600,0,0,0,0,860,0,220,0,70,0,0,70,0,0,250,0,0,0,0,0,0,0,2150,0,1150,0,0,460,0,3750,30,480,330,0,0,0,0,0,70,0
51-9198,HelpersProduction Workers,0.66,17170,290,3650,9550,45560,5120,2880,340,0,8320,15600,720,1620,15520,17760,6580,5560,8190,6030,2020,3600,8210,20130,11000,6200,9800,400,3420,1280,2020,5950,1260,10330,18610,450,18450,5020,3850,20920,2780,6710,30,21500,44700,4270,550,6210,6570,1690,10960,540
51-9399,Production Workers; All Other,0.92,0,0,0,0,0,0,0,0,0,0,0,0,0,0,0,0,0,0,0,0,0,0,0,0,0,0,0,0,0,0,0,0,0,0,0,0,0,0,0,0,0,0,0,0,0,0,0,0,0,0,0
53-2022,Airfield Operations Specialists,0.71,70,100,260,0,730,110,0,0,0,570,510,0,0,120,100,50,90,70,0,0,40,150,280,160,0,210,40,0,60,0,350,0,390,300,0,280,40,60,410,0,130,0,0,920,170,50,0,220,0,120,0
53-3021,Bus Drivers; Transit and Intercity,0.67,1270,320,3650,350,23350,3340,1650,480,260,10330,3520,2290,700,8290,1790,1580,400,2360,1170,400,6000,4510,3600,3660,730,2260,540,910,2560,240,6220,760,20880,3240,160,5860,1020,2180,5400,160,820,220,2540,12940,850,430,4880,5990,500,1940,190
53-3022,Bus Drivers; School or Special Client,0.89,9420,1040,7200,6200,29380,5990,10260,2160,1230,20320,17900,1430,2670,22530,14170,5330,6660,10180,8230,2190,11430,13690,13420,15720,5260,11760,2000,3600,2270,2600,17490,2720,50500,16600,1430,11080,4570,6360,31540,1930,5660,1570,11190,34660,2420,1450,0,12030,5410,11300,1420
53-3031,Driver/Sales Workers,0.98,5770,660,8600,2950,40240,6540,3270,1590,450,25980,14440,1720,2560,13170,11550,4070,4490,5490,3350,2410,7370,9610,13140,8770,3740,10640,1730,3610,4170,2280,7360,2560,22070,15750,1850,22220,4740,6420,17270,1430,7510,1110,9060,48570,3070,670,10750,7780,2320,7840,1590
53-3032,Heavy and Tractor-Trailer Truck Drivers,0.79,31890,2740,23310,33210,130640,23380,13900,3910,500,77660,56120,3510,11940,66550,52640,37620,19810,27040,22610,8410,23470,24840,53040,34580,22460,42400,6530,26910,10680,6420,42990,9910,57330,54400,12210,70740,23250,21670,78320,3180,26520,7770,58120,175780,22350,3540,40450,31090,10850,49140,6210
53-3033,Light Truck or Delivery Services Drivers,0.69,11600,1760,14620,6330,99890,16950,10530,2300,1690,50660,26120,4680,3200,45750,17110,9280,8340,12460,14480,4450,21780,22200,27620,14750,7130,15380,3350,4770,7310,4520,26810,4620,43860,25120,2720,35060,8880,9120,34600,3750,13390,2590,18810,65930,8380,2130,21150,18110,4830,16350,1510
53-3041,Taxi Drivers and Chauffeurs,0.89,1210,380,4920,1660,17760,2500,3840,530,420,10820,2910,1330,630,8110,2470,1670,1310,1780,2220,820,4770,9900,4240,3920,890,2910,450,1070,11760,1180,8230,1040,15170,3840,630,7510,1560,1700,7630,540,1630,630,2750,10700,1370,680,4600,3610,680,5450,540
53-4011,Locomotive Engineers,0.96,800,0,0,650,0,0,0,60,0,890,1290,0,0,2870,2070,700,0,710,670,0,0,0,410,1000,0,1420,0,1010,0,0,800,580,1650,510,0,0,0,450,1930,0,580,170,780,5350,0,0,0,0,0,890,0
53-4012,Locomotive Firers,0.93,0,0,0,0,0,0,0,0,0,0,0,0,0,0,0,0,0,0,0,0,0,0,0,100,0,0,0,0,0,0,0,0,0,0,0,0,0,0,200,0,0,0,0,190,0,0,0,0,0,0,0
53-4013,Rail Yard Engineers; Dinkey Operators; and Hostlers,0.91,150,0,0,0,790,80,0,0,0,0,0,0,0,50,0,80,0,0,0,0,0,0,160,30,0,0,0,0,0,0,0,0,50,0,0,240,0,0,310,0,0,0,0,600,0,0,0,0,0,0,0
53-4021,Railroad Brake; Signal; and Switch Operators,0.83,220,0,0,0,0,0,0,0,0,0,820,0,0,970,270,0,0,100,740,0,40,290,0,740,0,1220,0,550,0,0,90,290,640,440,0,310,0,0,1030,0,100,0,400,3320,0,0,0,0,70,180,350
53-4031,Railroad Conductors and Yardmasters,0.83,1030,0,0,580,1630,0,0,0,0,850,1260,0,0,2390,1490,570,0,0,580,0,0,0,480,620,470,890,0,910,0,30,0,0,6070,290,570,0,550,400,2350,0,420,170,640,4550,0,0,1020,0,0,680,660
53-4041,Subway and Streetcar Operators,0.86,0,0,0,0,3870,140,0,0,0,0,0,0,0,370,0,0,0,0,0,0,1140,0,0,0,0,0,0,0,0,0,0,0,3630,0,0,0,0,0,90,0,0,0,0,160,0,0,0,0,0,0,0
53-5011,Sailors and Marine Oilers,0.83,340,810,0,0,0,0,80,50,30,2820,100,580,0,670,760,70,0,1030,6590,200,510,390,220,0,190,110,0,0,0,0,640,0,1620,250,0,290,0,220,420,100,90,0,1030,2660,0,0,2270,3210,0,70,0
53-6011,Bridge and Lock Tenders,0.97,0,0,0,0,90,0,0,0,0,150,0,0,0,320,40,50,0,70,560,0,0,0,100,70,60,40,0,0,0,0,240,0,340,0,0,180,0,30,110,0,0,0,60,60,0,0,0,80,70,210,0
53-6021,Parking Lot Attendants,0.87,400,160,2250,290,28030,1960,1440,310,2140,17190,3340,1670,300,4510,1590,940,0,600,1610,130,2820,3890,2850,2230,380,2130,80,390,3060,330,5010,540,16280,3450,100,3910,610,710,6850,870,570,140,2360,10320,590,120,2080,2860,130,1230,70
53-6031,Automotive and Watercraft Service Attendants,0.83,1610,250,1480,1360,8950,1400,750,240,0,4210,3240,540,350,2970,3240,790,980,1980,1420,610,3170,3430,3370,2200,900,1660,80,390,1100,440,9210,530,4890,3810,320,4640,1270,5770,2470,270,860,580,2970,10620,1450,0,1820,2210,350,1870,290
53-6041,Traffic Technicians,0.9,0,0,100,40,280,60,0,0,0,210,400,50,0,110,140,90,60,100,110,0,220,250,60,0,30,90,0,0,50,0,80,110,1350,160,0,110,70,90,50,0,60,0,520,410,30,0,400,100,30,0,30
53-6051,Transportation Inspectors,0.9,430,210,800,0,3110,620,190,210,240,1190,1250,150,30,1070,270,120,360,230,200,50,300,620,310,320,140,400,180,250,220,50,590,200,4160,140,110,750,560,310,570,50,100,80,240,3720,550,0,670,680,0,50,170
53-6061,Transportation Attendants; Except Flight Attendants,0.75,0,410,220,140,5770,0,120,0,260,870,220,620,30,930,290,0,90,0,0,0,0,350,560,0,0,60,0,0,340,0,510,0,1610,50,140,370,100,100,420,0,50,0,70,1510,380,0,340,0,0,0,0
53-7011,Conveyor Operators and Tenders,0.93,280,0,140,430,2160,230,0,0,0,530,620,0,220,1210,1270,1190,1460,670,610,260,160,190,480,620,150,950,160,1260,330,40,420,40,740,750,300,1210,690,300,1640,0,330,550,1330,1960,100,70,0,530,380,550,80
53-7021,Crane and Tower Operators,0.9,1200,100,440,430,2900,450,240,70,110,2210,750,190,130,1610,1830,950,410,720,3110,190,700,520,1180,950,620,530,190,350,410,0,740,130,1390,660,240,1770,610,650,2840,0,500,60,510,8110,390,90,910,1250,190,320,70
53-7031,Dredge Operators,0.92,0,0,0,0,190,0,0,0,0,100,0,0,50,0,80,0,0,0,180,0,0,30,0,0,0,70,0,100,0,0,70,0,0,0,0,60,0,0,0,0,50,0,70,0,0,0,0,0,0,0,0
53-7032,Excavating and Loading Machine and Dragline Operators,0.94,1250,120,870,380,2380,800,200,200,90,2820,980,90,180,520,1010,600,500,780,810,630,1510,1110,1120,1120,550,770,200,340,280,450,950,200,1540,1560,500,1030,1000,1040,1350,150,700,370,1930,7500,420,190,1370,720,1090,1130,920
53-7041,Hoist and Winch Operators,0.65,70,0,0,80,80,0,0,0,0,100,0,0,0,0,0,0,0,160,0,0,150,40,0,120,0,60,0,50,0,0,0,0,130,0,50,120,0,90,200,0,0,0,30,120,0,0,90,0,30,90,50
53-7051,Industrial Truck and Tractor Operators,0.93,9690,630,8380,6390,56930,8080,2260,1060,80,20300,29150,720,2560,26520,18370,6130,4840,16300,6470,1960,7880,5380,16590,10140,5650,8070,940,3060,2200,1540,15370,930,14860,21090,1300,22000,7340,10010,30870,1340,7580,1080,17730,59100,4470,870,12740,10590,2250,12120,860
53-7062,Laborers and Freight; Stock; and Material Movers; Hand,0.85,42840,4930,40620,24180,317050,31890,23580,5400,1990,126850,117740,7490,7730,145060,72920,29100,19600,53020,45230,5940,40360,36350,71450,37830,28530,47610,4640,15810,26770,6710,107840,8690,109570,84990,8380,111230,27480,22490,134750,6160,50090,7060,96260,178880,18370,2830,49810,55530,12390,52690,3230
53-7063,Machine Feeders and Offbearers,0.93,1740,70,720,1750,8170,0,420,280,0,1880,3250,180,370,2290,4270,1110,0,0,590,510,950,2080,1330,1520,1910,1450,70,920,0,560,3690,640,2660,3240,170,4010,980,2970,4820,280,2210,290,1540,4830,460,0,2510,2120,340,3860,40
53-7071,Gas Compressor and Gas Pumping Station Operators,0.91,0,0,0,0,0,130,0,0,0,0,0,0,0,120,0,0,0,120,0,0,0,0,0,0,0,0,0,0,0,0,100,0,40,0,390,180,180,0,460,0,0,0,0,200,90,0,0,0,570,0,130
53-7072,Pump Operators; Except Wellhead Pumpers,0.9,0,0,0,0,1130,190,0,0,0,330,100,0,0,0,0,0,50,40,2070,40,0,0,80,0,50,80,40,60,60,0,360,0,40,50,510,210,410,260,660,0,0,0,130,3780,0,0,0,0,110,80,0
53-7073,Wellhead Pumpers,0.84,0,0,0,180,220,600,0,0,0,0,0,0,0,100,60,0,740,230,140,0,0,0,210,0,60,0,130,0,0,0,0,730,0,0,720,580,590,0,860,0,0,0,0,4130,90,0,0,0,550,0,550
53-7081,Refuse and Recyclable Material Collectors,0.93,2070,210,1980,1530,13850,1710,910,440,590,5020,2910,600,430,3240,1850,1090,1500,1650,1350,1040,2580,1680,3790,1900,1200,1900,400,1090,570,710,2640,590,9970,3980,220,6190,1440,1790,5310,370,2090,430,2230,7760,710,480,3430,1890,970,2140,230
53-7121,Tank Car; Truck; and Ship Loaders,0.72,600,80,110,50,360,80,0,0,0,270,350,0,0,230,230,100,60,300,890,0,50,70,40,130,340,60,0,50,0,0,500,40,60,0,190,260,260,320,160,0,0,0,190,3250,0,0,180,350,0,190,80
